Workbook

Sheet Pokemon
A1: # | B1: Name | C1: Type | D1: Quantidades | E1: Region | F1: Classificação | G1: Total | H1: HP | I1: Attack | J1: Defense | K1: Special Attack | L1: Special Defense | M1: Speed | N1: Média dos attacks | O1: Código Pokemon
A2: 1 | B2: Bulbasaur | C2: GRASS | D2: =COUNTIF($C$2:$C$1168,Tabela1[[#This Row],[Type]]) -> 93 | E2: =IF(A2<=151,"Kanto",IF(A2<=251,"Johto",IF(A2<=386,"Hoenn",IF(A2<=493,"Sinnoh",IF(A2<=649,"Unova",IF(A2<=721,"Kalos",IF(A2<=809,"Alola",IF(A2<=905,"Galar","Paldea")))))))) -> Kanto | F2: =IF(G2>=600,"Lendário",IF(G2>=500,"Forte","Normal")) -> Normal | G2: 318 | H2: 45 | I2: 49 | J2: 49 | K2: 65 | L2: 65 | M2: 45 | N2: =AVERAGE($I$2:$I$1168) -> 78.907455 | O2: =CONCATENATE(A2,"-",B2) -> 1-Bulbasaur
A3: 1 | B3: =B2 -> Bulbasaur | C3: POISON | D3: =COUNTIF($C$2:$C$1168,Tabela1[[#This Row],[Type]]) -> 61 | E3: =IF(A3<=151,"Kanto",IF(A3<=251,"Johto",IF(A3<=386,"Hoenn",IF(A3<=493,"Sinnoh",IF(A3<=649,"Unova",IF(A3<=721,"Kalos",IF(A3<=809,"Alola",IF(A3<=905,"Galar","Paldea")))))))) -> Kanto | F3: =IF(G3>=600,"Lendário",IF(G3>=500,"Forte","Normal")) -> Normal | G3: =G2 -> 318 | H3: =H2 -> 45 | I3: =I2 -> 49 | J3: =J2 -> 49 | K3: =K2 -> 65 | L3: =L2 -> 65 | M3: =M2 -> 45 | N3: =AVERAGE($I$2:$I$1168) -> 78.907455 | O3: =CONCATENATE(A3,"-",B3) -> 1-Bulbasaur
A4: 2 | B4: Ivysaur | C4: GRASS | D4: =COUNTIF($C$2:$C$1168,Tabela1[[#This Row],[Type]]) -> 93 | E4: =IF(A4<=151,"Kanto",IF(A4<=251,"Johto",IF(A4<=386,"Hoenn",IF(A4<=493,"Sinnoh",IF(A4<=649,"Unova",IF(A4<=721,"Kalos",IF(A4<=809,"Alola",IF(A4<=905,"Galar","Paldea")))))))) -> Kanto | F4: =IF(G4>=600,"Lendário",IF(G4>=500,"Forte","Normal")) -> Normal | G4: 405 | H4: 60 | I4: 62 | J4: 63 | K4: 80 | L4: 80 | M4: 60 | N4: =AVERAGE($I$2:$I$1168) -> 78.907455 | O4: =CONCATENATE(A4,"-",B4) -> 2-Ivysaur
A5: 2 | B5: =B4 -> Ivysaur | C5: POISON | D5: =COUNTIF($C$2:$C$1168,Tabela1[[#This Row],[Type]]) -> 61 | E5: =IF(A5<=151,"Kanto",IF(A5<=251,"Johto",IF(A5<=386,"Hoenn",IF(A5<=493,"Sinnoh",IF(A5<=649,"Unova",IF(A5<=721,"Kalos",IF(A5<=809,"Alola",IF(A5<=905,"Galar","Paldea")))))))) -> Kanto | F5: =IF(G5>=600,"Lendário",IF(G5>=500,"Forte","Normal")) -> Normal | G5: =G4 -> 405 | H5: =H4 -> 60 | I5: =I4 -> 62 | J5: =J4 -> 63 | K5: =K4 -> 80 | L5: =L4 -> 80 | M5: =M4 -> 60 | N5: =AVERAGE($I$2:$I$1168) -> 78.907455 | O5: =CONCATENATE(A5,"-",B5) -> 2-Ivysaur
A6: 3 | B6: Venusaur | C6: GRASS | D6: =COUNTIF($C$2:$C$1168,Tabela1[[#This Row],[Type]]) -> 93 | E6: =IF(A6<=151,"Kanto",IF(A6<=251,"Johto",IF(A6<=386,"Hoenn",IF(A6<=493,"Sinnoh",IF(A6<=649,"Unova",IF(A6<=721,"Kalos",IF(A6<=809,"Alola",IF(A6<=905,"Galar","Paldea")))))))) -> Kanto | F6: =IF(G6>=600,"Lendário",IF(G6>=500,"Forte","Normal")) -> Forte | G6: 525 | H6: 80 | I6: 82 | J6: 83 | K6: 100 | L6: 100 | M6: 80 | N6: =AVERAGE($I$2:$I$1168) -> 78.907455 | O6: =CONCATENATE(A6,"-",B6) -> 3-Venusaur
A7: 3 | B7: =B6 -> Venusaur | C7: POISON | D7: =COUNTIF($C$2:$C$1168,Tabela1[[#This Row],[Type]]) -> 61 | E7: =IF(A7<=151,"Kanto",IF(A7<=251,"Johto",IF(A7<=386,"Hoenn",IF(A7<=493,"Sinnoh",IF(A7<=649,"Unova",IF(A7<=721,"Kalos",IF(A7<=809,"Alola",IF(A7<=905,"Galar","Paldea")))))))) -> Kanto | F7: =IF(G7>=600,"Lendário",IF(G7>=500,"Forte","Normal")) -> Forte | G7: =G6 -> 525 | H7: =H6 -> 80 | I7: =I6 -> 82 | J7: =J6 -> 83 | K7: =K6 -> 100 | L7: =L6 -> 100 | M7: =M6 -> 80 | N7: =AVERAGE($I$2:$I$1168) -> 78.907455 | O7: =CONCATENATE(A7,"-",B7) -> 3-Venusaur
A8: 3.1 | B8: Mega Venusaur | C8: GRASS | D8: =COUNTIF($C$2:$C$1168,Tabela1[[#This Row],[Type]]) -> 93 | E8: =IF(A8<=151,"Kanto",IF(A8<=251,"Johto",IF(A8<=386,"Hoenn",IF(A8<=493,"Sinnoh",IF(A8<=649,"Unova",IF(A8<=721,"Kalos",IF(A8<=809,"Alola",IF(A8<=905,"Galar","Paldea")))))))) -> Kanto | F8: =IF(G8>=600,"Lendário",IF(G8>=500,"Forte","Normal")) -> Lendário | G8: 625 | H8: 80 | I8: 100 | J8: 123 | K8: 122 | L8: 120 | M8: 80 | N8: =AVERAGE($I$2:$I$1168) -> 78.907455 | O8: =CONCATENATE(A8,"-",B8) -> 3,1-Mega Venusaur
A9: 3.1 | B9: Mega Venusaur | C9: POISON | D9: =COUNTIF($C$2:$C$1168,Tabela1[[#This Row],[Type]]) -> 61 | E9: =IF(A9<=151,"Kanto",IF(A9<=251,"Johto",IF(A9<=386,"Hoenn",IF(A9<=493,"Sinnoh",IF(A9<=649,"Unova",IF(A9<=721,"Kalos",IF(A9<=809,"Alola",IF(A9<=905,"Galar","Paldea")))))))) -> Kanto | F9: =IF(G9>=600,"Lendário",IF(G9>=500,"Forte","Normal")) -> Lendário | G9: =G8 -> 625 | H9: =H8 -> 80 | I9: =I8 -> 100 | J9: =J8 -> 123 | K9: =K8 -> 122 | L9: =L8 -> 120 | M9: =M8 -> 80 | N9: =AVERAGE($I$2:$I$1168) -> 78.907455 | O9: =CONCATENATE(A9,"-",B9) -> 3,1-Mega Venusaur
A10: 4 | B10: Charmander | C10: FIRE | D10: =COUNTIF($C$2:$C$1168,Tabela1[[#This Row],[Type]]) -> 62 | E10: =IF(A10<=151,"Kanto",IF(A10<=251,"Johto",IF(A10<=386,"Hoenn",IF(A10<=493,"Sinnoh",IF(A10<=649,"Unova",IF(A10<=721,"Kalos",IF(A10<=809,"Alola",IF(A10<=905,"Galar","Paldea")))))))) -> Kanto | F10: =IF(G10>=600,"Lendário",IF(G10>=500,"Forte","Normal")) -> Normal | G10: 309 | H10: 39 | I10: 52 | J10: 43 | K10: 60 | L10: 50 | M10: 65 | N10: =AVERAGE($I$2:$I$1168) -> 78.907455 | O10: =CONCATENATE(A10,"-",B10) -> 4-Charmander
A11: 5 | B11: Charmeleon | C11: FIRE | D11: =COUNTIF($C$2:$C$1168,Tabela1[[#This Row],[Type]]) -> 62 | E11: =IF(A11<=151,"Kanto",IF(A11<=251,"Johto",IF(A11<=386,"Hoenn",IF(A11<=493,"Sinnoh",IF(A11<=649,"Unova",IF(A11<=721,"Kalos",IF(A11<=809,"Alola",IF(A11<=905,"Galar","Paldea")))))))) -> Kanto | F11: =IF(G11>=600,"Lendário",IF(G11>=500,"Forte","Normal")) -> Normal | G11: 405 | H11: 58 | I11: 64 | J11: 58 | K11: 80 | L11: 65 | M11: 80 | N11: =AVERAGE($I$2:$I$1168) -> 78.907455 | O11: =CONCATENATE(A11,"-",B11) -> 5-Charmeleon
A12: 6 | B12: Charizard | C12: FIRE | D12: =COUNTIF($C$2:$C$1168,Tabela1[[#This Row],[Type]]) -> 62 | E12: =IF(A12<=151,"Kanto",IF(A12<=251,"Johto",IF(A12<=386,"Hoenn",IF(A12<=493,"Sinnoh",IF(A12<=649,"Unova",IF(A12<=721,"Kalos",IF(A12<=809,"Alola",IF(A12<=905,"Galar","Paldea")))))))) -> Kanto | F12: =IF(G12>=600,"Lendário",IF(G12>=500,"Forte","Normal")) -> Forte | G12: 534 | H12: 78 | I12: 84 | J12: 78 | K12: 109 | L12: 85 | M12: 100 | N12: =AVERAGE($I$2:$I$1168) -> 78.907455 | O12: =CONCATENATE(A12,"-",B12) -> 6-Charizard
A13: 6 | B13: =B12 -> Charizard | C13: FLYING | D13: =COUNTIF($C$2:$C$1168,Tabela1[[#This Row],[Type]]) -> 100 | E13: =IF(A13<=151,"Kanto",IF(A13<=251,"Johto",IF(A13<=386,"Hoenn",IF(A13<=493,"Sinnoh",IF(A13<=649,"Unova",IF(A13<=721,"Kalos",IF(A13<=809,"Alola",IF(A13<=905,"Galar","Paldea")))))))) -> Kanto | F13: =IF(G13>=600,"Lendário",IF(G13>=500,"Forte","Normal")) -> Forte | G13: =G12 -> 534 | H13: =H12 -> 78 | I13: =I12 -> 84 | J13: =J12 -> 78 | K13: =K12 -> 109 | L13: =L12 -> 85 | M13: =M12 -> 100 | N13: =AVERAGE($I$2:$I$1168) -> 78.907455 | O13: =CONCATENATE(A13,"-",B13) -> 6-Charizard
A14: 6.1 | B14: Mega Charizard X | C14: FIRE | D14: =COUNTIF($C$2:$C$1168,Tabela1[[#This Row],[Type]]) -> 62 | E14: =IF(A14<=151,"Kanto",IF(A14<=251,"Johto",IF(A14<=386,"Hoenn",IF(A14<=493,"Sinnoh",IF(A14<=649,"Unova",IF(A14<=721,"Kalos",IF(A14<=809,"Alola",IF(A14<=905,"Galar","Paldea")))))))) -> Kanto | F14: =IF(G14>=600,"Lendário",IF(G14>=500,"Forte","Normal")) -> Lendário | G14: 634 | H14: 78 | I14: 130 | J14: 111 | K14: 130 | L14: 85 | M14: 100 | N14: =AVERAGE($I$2:$I$1168) -> 78.907455 | O14: =CONCATENATE(A14,"-",B14) -> 6,1-Mega Charizard X
A15: 6.1 | B15: Mega Charizard X | C15: DRAGON | D15: =COUNTIF($C$2:$C$1168,Tabela1[[#This Row],[Type]]) -> 44 | E15: =IF(A15<=151,"Kanto",IF(A15<=251,"Johto",IF(A15<=386,"Hoenn",IF(A15<=493,"Sinnoh",IF(A15<=649,"Unova",IF(A15<=721,"Kalos",IF(A15<=809,"Alola",IF(A15<=905,"Galar","Paldea")))))))) -> Kanto | F15: =IF(G15>=600,"Lendário",IF(G15>=500,"Forte","Normal")) -> Lendário | G15: =G14 -> 634 | H15: =H14 -> 78 | I15: =I14 -> 130 | J15: =J14 -> 111 | K15: =K14 -> 130 | L15: =L14 -> 85 | M15: =M14 -> 100 | N15: =AVERAGE($I$2:$I$1168) -> 78.907455 | O15: =CONCATENATE(A15,"-",B15) -> 6,1-Mega Charizard X
A16: 6.2 | B16: Mega Charizard Y | C16: FIRE | D16: =COUNTIF($C$2:$C$1168,Tabela1[[#This Row],[Type]]) -> 62 | E16: =IF(A16<=151,"Kanto",IF(A16<=251,"Johto",IF(A16<=386,"Hoenn",IF(A16<=493,"Sinnoh",IF(A16<=649,"Unova",IF(A16<=721,"Kalos",IF(A16<=809,"Alola",IF(A16<=905,"Galar","Paldea")))))))) -> Kanto | F16: =IF(G16>=600,"Lendário",IF(G16>=500,"Forte","Normal")) -> Lendário | G16: 634 | H16: 78 | I16: 104 | J16: 78 | K16: 159 | L16: 115 | M16: 100 | N16: =AVERAGE($I$2:$I$1168) -> 78.907455 | O16: =CONCATENATE(A16,"-",B16) -> 6,2-Mega Charizard Y
A17: 6.2 | B17: Mega Charizard Y | C17: FLYING | D17: =COUNTIF($C$2:$C$1168,Tabela1[[#This Row],[Type]]) -> 100 | E17: =IF(A17<=151,"Kanto",IF(A17<=251,"Johto",IF(A17<=386,"Hoenn",IF(A17<=493,"Sinnoh",IF(A17<=649,"Unova",IF(A17<=721,"Kalos",IF(A17<=809,"Alola",IF(A17<=905,"Galar","Paldea")))))))) -> Kanto | F17: =IF(G17>=600,"Lendário",IF(G17>=500,"Forte","Normal")) -> Lendário | G17: =G16 -> 634 | H17: =H16 -> 78 | I17: =I16 -> 104 | J17: =J16 -> 78 | K17: =K16 -> 159 | L17: =L16 -> 115 | M17: =M16 -> 100 | N17: =AVERAGE($I$2:$I$1168) -> 78.907455 | O17: =CONCATENATE(A17,"-",B17) -> 6,2-Mega Charizard Y
A18: 7 | B18: Squirtle | C18: WATER | D18: =COUNTIF($C$2:$C$1168,Tabela1[[#This Row],[Type]]) -> 121 | E18: =IF(A18<=151,"Kanto",IF(A18<=251,"Johto",IF(A18<=386,"Hoenn",IF(A18<=493,"Sinnoh",IF(A18<=649,"Unova",IF(A18<=721,"Kalos",IF(A18<=809,"Alola",IF(A18<=905,"Galar","Paldea")))))))) -> Kanto | F18: =IF(G18>=600,"Lendário",IF(G18>=500,"Forte","Normal")) -> Normal | G18: 314 | H18: 44 | I18: 48 | J18: 65 | K18: 50 | L18: 64 | M18: 43 | N18: =AVERAGE($I$2:$I$1168) -> 78.907455 | O18: =CONCATENATE(A18,"-",B18) -> 7-Squirtle
A19: 8 | B19: Wartortle | C19: WATER | D19: =COUNTIF($C$2:$C$1168,Tabela1[[#This Row],[Type]]) -> 121 | E19: =IF(A19<=151,"Kanto",IF(A19<=251,"Johto",IF(A19<=386,"Hoenn",IF(A19<=493,"Sinnoh",IF(A19<=649,"Unova",IF(A19<=721,"Kalos",IF(A19<=809,"Alola",IF(A19<=905,"Galar","Paldea")))))))) -> Kanto | F19: =IF(G19>=600,"Lendário",IF(G19>=500,"Forte","Normal")) -> Normal | G19: 405 | H19: 59 | I19: 63 | J19: 80 | K19: 65 | L19: 80 | M19: 58 | N19: =AVERAGE($I$2:$I$1168) -> 78.907455 | O19: =CONCATENATE(A19,"-",B19) -> 8-Wartortle
A20: 9 | B20: Blastoise | C20: WATER | D20: =COUNTIF($C$2:$C$1168,Tabela1[[#This Row],[Type]]) -> 121 | E20: =IF(A20<=151,"Kanto",IF(A20<=251,"Johto",IF(A20<=386,"Hoenn",IF(A20<=493,"Sinnoh",IF(A20<=649,"Unova",IF(A20<=721,"Kalos",IF(A20<=809,"Alola",IF(A20<=905,"Galar","Paldea")))))))) -> Kanto | F20: =IF(G20>=600,"Lendário",IF(G20>=500,"Forte","Normal")) -> Forte | G20: 530 | H20: 79 | I20: 83 | J20: 100 | K20: 85 | L20: 105 | M20: 78 | N20: =AVERAGE($I$2:$I$1168) -> 78.907455 | O20: =CONCATENATE(A20,"-",B20) -> 9-Blastoise
A21: 9.1 | B21: Mega Blastoise | C21: WATER | D21: =COUNTIF($C$2:$C$1168,Tabela1[[#This Row],[Type]]) -> 121 | E21: =IF(A21<=151,"Kanto",IF(A21<=251,"Johto",IF(A21<=386,"Hoenn",IF(A21<=493,"Sinnoh",IF(A21<=649,"Unova",IF(A21<=721,"Kalos",IF(A21<=809,"Alola",IF(A21<=905,"Galar","Paldea")))))))) -> Kanto | F21: =IF(G21>=600,"Lendário",IF(G21>=500,"Forte","Normal")) -> Lendário | G21: 630 | H21: 79 | I21: 103 | J21: 120 | K21: 135 | L21: 115 | M21: 78 | N21: =AVERAGE($I$2:$I$1168) -> 78.907455 | O21: =CONCATENATE(A21,"-",B21) -> 9,1-Mega Blastoise
A22: 10 | B22: Caterpie | C22: BUG | D22: =COUNTIF($C$2:$C$1168,Tabela1[[#This Row],[Type]]) -> 71 | E22: =IF(A22<=151,"Kanto",IF(A22<=251,"Johto",IF(A22<=386,"Hoenn",IF(A22<=493,"Sinnoh",IF(A22<=649,"Unova",IF(A22<=721,"Kalos",IF(A22<=809,"Alola",IF(A22<=905,"Galar","Paldea")))))))) -> Kanto | F22: =IF(G22>=600,"Lendário",IF(G22>=500,"Forte","Normal")) -> Normal | G22: 195 | H22: 45 | I22: 30 | J22: 35 | K22: 20 | L22: 20 | M22: 45 | N22: =AVERAGE($I$2:$I$1168) -> 78.907455 | O22: =CONCATENATE(A22,"-",B22) -> 10-Caterpie
A23: 11 | B23: Metapod | C23: BUG | D23: =COUNTIF($C$2:$C$1168,Tabela1[[#This Row],[Type]]) -> 71 | E23: =IF(A23<=151,"Kanto",IF(A23<=251,"Johto",IF(A23<=386,"Hoenn",IF(A23<=493,"Sinnoh",IF(A23<=649,"Unova",IF(A23<=721,"Kalos",IF(A23<=809,"Alola",IF(A23<=905,"Galar","Paldea")))))))) -> Kanto | F23: =IF(G23>=600,"Lendário",IF(G23>=500,"Forte","Normal")) -> Normal | G23: 205 | H23: 50 | I23: 20 | J23: 55 | K23: 25 | L23: 25 | M23: 30 | N23: =AVERAGE($I$2:$I$1168) -> 78.907455 | O23: =CONCATENATE(A23,"-",B23) -> 11-Metapod
A24: 12 | B24: Butterfree | C24: BUG | D24: =COUNTIF($C$2:$C$1168,Tabela1[[#This Row],[Type]]) -> 71 | E24: =IF(A24<=151,"Kanto",IF(A24<=251,"Johto",IF(A24<=386,"Hoenn",IF(A24<=493,"Sinnoh",IF(A24<=649,"Unova",IF(A24<=721,"Kalos",IF(A24<=809,"Alola",IF(A24<=905,"Galar","Paldea")))))))) -> Kanto | F24: =IF(G24>=600,"Lendário",IF(G24>=500,"Forte","Normal")) -> Normal | G24: 385 | H24: 60 | I24: 45 | J24: 50 | K24: 80 | L24: 80 | M24: 70 | N24: =AVERAGE($I$2:$I$1168) -> 78.907455 | O24: =CONCATENATE(A24,"-",B24) -> 12-Butterfree
A25: 12 | B25: =B24 -> Butterfree | C25: FLYING | D25: =COUNTIF($C$2:$C$1168,Tabela1[[#This Row],[Type]]) -> 100 | E25: =IF(A25<=151,"Kanto",IF(A25<=251,"Johto",IF(A25<=386,"Hoenn",IF(A25<=493,"Sinnoh",IF(A25<=649,"Unova",IF(A25<=721,"Kalos",IF(A25<=809,"Alola",IF(A25<=905,"Galar","Paldea")))))))) -> Kanto | F25: =IF(G25>=600,"Lendário",IF(G25>=500,"Forte","Normal")) -> Normal | G25: =G24 -> 385 | H25: =H24 -> 60 | I25: =I24 -> 45 | J25: =J24 -> 50 | K25: =K24 -> 80 | L25: =L24 -> 80 | M25: =M24 -> 70 | N25: =AVERAGE($I$2:$I$1168) -> 78.907455 | O25: =CONCATENATE(A25,"-",B25) -> 12-Butterfree
A26: 13 | B26: Weedle | C26: BUG | D26: =COUNTIF($C$2:$C$1168,Tabela1[[#This Row],[Type]]) -> 71 | E26: =IF(A26<=151,"Kanto",IF(A26<=251,"Johto",IF(A26<=386,"Hoenn",IF(A26<=493,"Sinnoh",IF(A26<=649,"Unova",IF(A26<=721,"Kalos",IF(A26<=809,"Alola",IF(A26<=905,"Galar","Paldea")))))))) -> Kanto | F26: =IF(G26>=600,"Lendário",IF(G26>=500,"Forte","Normal")) -> Normal | G26: 195 | H26: 40 | I26: 35 | J26: 30 | K26: 20 | L26: 20 | M26: 50 | N26: =AVERAGE($I$2:$I$1168) -> 78.907455 | O26: =CONCATENATE(A26,"-",B26) -> 13-Weedle
A27: 13 | B27: =B26 -> Weedle | C27: POISON | D27: =COUNTIF($C$2:$C$1168,Tabela1[[#This Row],[Type]]) -> 61 | E27: =IF(A27<=151,"Kanto",IF(A27<=251,"Johto",IF(A27<=386,"Hoenn",IF(A27<=493,"Sinnoh",IF(A27<=649,"Unova",IF(A27<=721,"Kalos",IF(A27<=809,"Alola",IF(A27<=905,"Galar","Paldea")))))))) -> Kanto | F27: =IF(G27>=600,"Lendário",IF(G27>=500,"Forte","Normal")) -> Normal | G27: =G26 -> 195 | H27: =H26 -> 40 | I27: =I26 -> 35 | J27: =J26 -> 30 | K27: =K26 -> 20 | L27: =L26 -> 20 | M27: =M26 -> 50 | N27: =AVERAGE($I$2:$I$1168) -> 78.907455 | O27: =CONCATENATE(A27,"-",B27) -> 13-Weedle
A28: 14 | B28: Kakuna | C28: BUG | D28: =COUNTIF($C$2:$C$1168,Tabela1[[#This Row],[Type]]) -> 71 | E28: =IF(A28<=151,"Kanto",IF(A28<=251,"Johto",IF(A28<=386,"Hoenn",IF(A28<=493,"Sinnoh",IF(A28<=649,"Unova",IF(A28<=721,"Kalos",IF(A28<=809,"Alola",IF(A28<=905,"Galar","Paldea")))))))) -> Kanto | F28: =IF(G28>=600,"Lendário",IF(G28>=500,"Forte","Normal")) -> Normal | G28: 205 | H28: 45 | I28: 25 | J28: 50 | K28: 25 | L28: 25 | M28: 35 | N28: =AVERAGE($I$2:$I$1168) -> 78.907455 | O28: =CONCATENATE(A28,"-",B28) -> 14-Kakuna
A29: 14 | B29: =B28 -> Kakuna | C29: POISON | D29: =COUNTIF($C$2:$C$1168,Tabela1[[#This Row],[Type]]) -> 61 | E29: =IF(A29<=151,"Kanto",IF(A29<=251,"Johto",IF(A29<=386,"Hoenn",IF(A29<=493,"Sinnoh",IF(A29<=649,"Unova",IF(A29<=721,"Kalos",IF(A29<=809,"Alola",IF(A29<=905,"Galar","Paldea")))))))) -> Kanto | F29: =IF(G29>=600,"Lendário",IF(G29>=500,"Forte","Normal")) -> Normal | G29: =G28 -> 205 | H29: =H28 -> 45 | I29: =I28 -> 25 | J29: =J28 -> 50 | K29: =K28 -> 25 | L29: =L28 -> 25 | M29: =M28 -> 35 | N29: =AVERAGE($I$2:$I$1168) -> 78.907455 | O29: =CONCATENATE(A29,"-",B29) -> 14-Kakuna
A30: 15 | B30: Beedrill | C30: BUG | D30: =COUNTIF($C$2:$C$1168,Tabela1[[#This Row],[Type]]) -> 71 | E30: =IF(A30<=151,"Kanto",IF(A30<=251,"Johto",IF(A30<=386,"Hoenn",IF(A30<=493,"Sinnoh",IF(A30<=649,"Unova",IF(A30<=721,"Kalos",IF(A30<=809,"Alola",IF(A30<=905,"Galar","Paldea")))))))) -> Kanto | F30: =IF(G30>=600,"Lendário",IF(G30>=500,"Forte","Normal")) -> Normal | G30: 385 | H30: 65 | I30: 80 | J30: 40 | K30: 45 | L30: 80 | M30: 75 | N30: =AVERAGE($I$2:$I$1168) -> 78.907455 | O30: =CONCATENATE(A30,"-",B30) -> 15-Beedrill
A31: 15 | B31: =B30 -> Beedrill | C31: POISON | D31: =COUNTIF($C$2:$C$1168,Tabela1[[#This Row],[Type]]) -> 61 | E31: =IF(A31<=151,"Kanto",IF(A31<=251,"Johto",IF(A31<=386,"Hoenn",IF(A31<=493,"Sinnoh",IF(A31<=649,"Unova",IF(A31<=721,"Kalos",IF(A31<=809,"Alola",IF(A31<=905,"Galar","Paldea")))))))) -> Kanto | F31: =IF(G31>=600,"Lendário",IF(G31>=500,"Forte","Normal")) -> Normal | G31: =G30 -> 385 | H31: =H30 -> 65 | I31: =I30 -> 80 | J31: =J30 -> 40 | K31: =K30 -> 45 | L31: =L30 -> 80 | M31: =M30 -> 75 | N31: =AVERAGE($I$2:$I$1168) -> 78.907455 | O31: =CONCATENATE(A31,"-",B31) -> 15-Beedrill
A32: 16 | B32: Pidgey | C32: NORMAL | D32: =COUNTIF($C$2:$C$1168,Tabela1[[#This Row],[Type]]) -> 99 | E32: =IF(A32<=151,"Kanto",IF(A32<=251,"Johto",IF(A32<=386,"Hoenn",IF(A32<=493,"Sinnoh",IF(A32<=649,"Unova",IF(A32<=721,"Kalos",IF(A32<=809,"Alola",IF(A32<=905,"Galar","Paldea")))))))) -> Kanto | F32: =IF(G32>=600,"Lendário",IF(G32>=500,"Forte","Normal")) -> Normal | G32: 251 | H32: 40 | I32: 45 | J32: 40 | K32: 35 | L32: 35 | M32: 56 | N32: =AVERAGE($I$2:$I$1168) -> 78.907455 | O32: =CONCATENATE(A32,"-",B32) -> 16-Pidgey
A33: 17 | B33: Pidgeotto | C33: NORMAL | D33: =COUNTIF($C$2:$C$1168,Tabela1[[#This Row],[Type]]) -> 99 | E33: =IF(A33<=151,"Kanto",IF(A33<=251,"Johto",IF(A33<=386,"Hoenn",IF(A33<=493,"Sinnoh",IF(A33<=649,"Unova",IF(A33<=721,"Kalos",IF(A33<=809,"Alola",IF(A33<=905,"Galar","Paldea")))))))) -> Kanto | F33: =IF(G33>=600,"Lendário",IF(G33>=500,"Forte","Normal")) -> Normal | G33: 349 | H33: 63 | I33: 60 | J33: 55 | K33: 50 | L33: 50 | M33: 71 | N33: =AVERAGE($I$2:$I$1168) -> 78.907455 | O33: =CONCATENATE(A33,"-",B33) -> 17-Pidgeotto
A34: 18 | B34: Pidgeot | C34: NORMAL | D34: =COUNTIF($C$2:$C$1168,Tabela1[[#This Row],[Type]]) -> 99 | E34: =IF(A34<=151,"Kanto",IF(A34<=251,"Johto",IF(A34<=386,"Hoenn",IF(A34<=493,"Sinnoh",IF(A34<=649,"Unova",IF(A34<=721,"Kalos",IF(A34<=809,"Alola",IF(A34<=905,"Galar","Paldea")))))))) -> Kanto | F34: =IF(G34>=600,"Lendário",IF(G34>=500,"Forte","Normal")) -> Normal | G34: 469 | H34: 83 | I34: 80 | J34: 75 | K34: 70 | L34: 70 | M34: 91 | N34: =AVERAGE($I$2:$I$1168) -> 78.907455 | O34: =CONCATENATE(A34,"-",B34) -> 18-Pidgeot
A35: 19 | B35: Rattata | C35: NORMAL | D35: =COUNTIF($C$2:$C$1168,Tabela1[[#This Row],[Type]]) -> 99 | E35: =IF(A35<=151,"Kanto",IF(A35<=251,"Johto",IF(A35<=386,"Hoenn",IF(A35<=493,"Sinnoh",IF(A35<=649,"Unova",IF(A35<=721,"Kalos",IF(A35<=809,"Alola",IF(A35<=905,"Galar","Paldea")))))))) -> Kanto | F35: =IF(G35>=600,"Lendário",IF(G35>=500,"Forte","Normal")) -> Normal | G35: 253 | H35: 30 | I35: 56 | J35: 35 | K35: 25 | L35: 35 | M35: 72 | N35: =AVERAGE($I$2:$I$1168) -> 78.907455 | O35: =CONCATENATE(A35,"-",B35) -> 19-Rattata
A36: 19 | B36: =B35 -> Rattata | C36: FLYING | D36: =COUNTIF($C$2:$C$1168,Tabela1[[#This Row],[Type]]) -> 100 | E36: =IF(A36<=151,"Kanto",IF(A36<=251,"Johto",IF(A36<=386,"Hoenn",IF(A36<=493,"Sinnoh",IF(A36<=649,"Unova",IF(A36<=721,"Kalos",IF(A36<=809,"Alola",IF(A36<=905,"Galar","Paldea")))))))) -> Kanto | F36: =IF(G36>=600,"Lendário",IF(G36>=500,"Forte","Normal")) -> Normal | G36: =G35 -> 253 | H36: =H35 -> 30 | I36: =I35 -> 56 | J36: =J35 -> 35 | K36: =K35 -> 25 | L36: =L35 -> 35 | M36: =M35 -> 72 | N36: =AVERAGE($I$2:$I$1168) -> 78.907455 | O36: =CONCATENATE(A36,"-",B36) -> 19-Rattata
A37: 20 | B37: Raticate | C37: NORMAL | D37: =COUNTIF($C$2:$C$1168,Tabela1[[#This Row],[Type]]) -> 99 | E37: =IF(A37<=151,"Kanto",IF(A37<=251,"Johto",IF(A37<=386,"Hoenn",IF(A37<=493,"Sinnoh",IF(A37<=649,"Unova",IF(A37<=721,"Kalos",IF(A37<=809,"Alola",IF(A37<=905,"Galar","Paldea")))))))) -> Kanto | F37: =IF(G37>=600,"Lendário",IF(G37>=500,"Forte","Normal")) -> Normal | G37: 413 | H37: 55 | I37: 81 | J37: 60 | K37: 50 | L37: 70 | M37: 97 | N37: =AVERAGE($I$2:$I$1168) -> 78.907455 | O37: =CONCATENATE(A37,"-",B37) -> 20-Raticate
A38: 21 | B38: Spearow | C38: NORMAL | D38: =COUNTIF($C$2:$C$1168,Tabela1[[#This Row],[Type]]) -> 99 | E38: =IF(A38<=151,"Kanto",IF(A38<=251,"Johto",IF(A38<=386,"Hoenn",IF(A38<=493,"Sinnoh",IF(A38<=649,"Unova",IF(A38<=721,"Kalos",IF(A38<=809,"Alola",IF(A38<=905,"Galar","Paldea")))))))) -> Kanto | F38: =IF(G38>=600,"Lendário",IF(G38>=500,"Forte","Normal")) -> Normal | G38: 262 | H38: 40 | I38: 60 | J38: 30 | K38: 31 | L38: 31 | M38: 70 | N38: =AVERAGE($I$2:$I$1168) -> 78.907455 | O38: =CONCATENATE(A38,"-",B38) -> 21-Spearow
A39: 22 | B39: Fearow | C39: NORMAL | D39: =COUNTIF($C$2:$C$1168,Tabela1[[#This Row],[Type]]) -> 99 | E39: =IF(A39<=151,"Kanto",IF(A39<=251,"Johto",IF(A39<=386,"Hoenn",IF(A39<=493,"Sinnoh",IF(A39<=649,"Unova",IF(A39<=721,"Kalos",IF(A39<=809,"Alola",IF(A39<=905,"Galar","Paldea")))))))) -> Kanto | F39: =IF(G39>=600,"Lendário",IF(G39>=500,"Forte","Normal")) -> Normal | G39: 442 | H39: 65 | I39: 90 | J39: 65 | K39: 61 | L39: 61 | M39: 100 | N39: =AVERAGE($I$2:$I$1168) -> 78.907455 | O39: =CONCATENATE(A39,"-",B39) -> 22-Fearow
A40: 23 | B40: Ekans | C40: POISON | D40: =COUNTIF($C$2:$C$1168,Tabela1[[#This Row],[Type]]) -> 61 | E40: =IF(A40<=151,"Kanto",IF(A40<=251,"Johto",IF(A40<=386,"Hoenn",IF(A40<=493,"Sinnoh",IF(A40<=649,"Unova",IF(A40<=721,"Kalos",IF(A40<=809,"Alola",IF(A40<=905,"Galar","Paldea")))))))) -> Kanto | F40: =IF(G40>=600,"Lendário",IF(G40>=500,"Forte","Normal")) -> Normal | G40: 288 | H40: 35 | I40: 60 | J40: 44 | K40: 40 | L40: 54 | M40: 55 | N40: =AVERAGE($I$2:$I$1168) -> 78.907455 | O40: =CONCATENATE(A40,"-",B40) -> 23-Ekans
A41: 24 | B41: Arbok | C41: POISON | D41: =COUNTIF($C$2:$C$1168,Tabela1[[#This Row],[Type]]) -> 61 | E41: =IF(A41<=151,"Kanto",IF(A41<=251,"Johto",IF(A41<=386,"Hoenn",IF(A41<=493,"Sinnoh",IF(A41<=649,"Unova",IF(A41<=721,"Kalos",IF(A41<=809,"Alola",IF(A41<=905,"Galar","Paldea")))))))) -> Kanto | F41: =IF(G41>=600,"Lendário",IF(G41>=500,"Forte","Normal")) -> Normal | G41: 438 | H41: 60 | I41: 85 | J41: 69 | K41: 65 | L41: 79 | M41: 80 | N41: =AVERAGE($I$2:$I$1168) -> 78.907455 | O41: =CONCATENATE(A41,"-",B41) -> 24-Arbok
A42: 25 | B42: Pikachu | C42: ELECTRIC | D42: =COUNTIF($C$2:$C$1168,Tabela1[[#This Row],[Type]]) -> 51 | E42: =IF(A42<=151,"Kanto",IF(A42<=251,"Johto",IF(A42<=386,"Hoenn",IF(A42<=493,"Sinnoh",IF(A42<=649,"Unova",IF(A42<=721,"Kalos",IF(A42<=809,"Alola",IF(A42<=905,"Galar","Paldea")))))))) -> Kanto | F42: =IF(G42>=600,"Lendário",IF(G42>=500,"Forte","Normal")) -> Normal | G42: 300 | H42: 35 | I42: 55 | J42: 30 | K42: 50 | L42: 40 | M42: 90 | N42: =AVERAGE($I$2:$I$1168) -> 78.907455 | O42: =CONCATENATE(A42,"-",B42) -> 25-Pikachu
A43: 26 | B43: Raichu | C43: ELECTRIC | D43: =COUNTIF($C$2:$C$1168,Tabela1[[#This Row],[Type]]) -> 51 | E43: =IF(A43<=151,"Kanto",IF(A43<=251,"Johto",IF(A43<=386,"Hoenn",IF(A43<=493,"Sinnoh",IF(A43<=649,"Unova",IF(A43<=721,"Kalos",IF(A43<=809,"Alola",IF(A43<=905,"Galar","Paldea")))))))) -> Kanto | F43: =IF(G43>=600,"Lendário",IF(G43>=500,"Forte","Normal")) -> Normal | G43: 475 | H43: 60 | I43: 90 | J43: 55 | K43: 90 | L43: 80 | M43: 100 | N43: =AVERAGE($I$2:$I$1168) -> 78.907455 | O43: =CONCATENATE(A43,"-",B43) -> 26-Raichu
A44: 27 | B44: Sandshrew | C44: GROUND | D44: =COUNTIF($C$2:$C$1168,Tabela1[[#This Row],[Type]]) -> 62 | E44: =IF(A44<=151,"Kanto",IF(A44<=251,"Johto",IF(A44<=386,"Hoenn",IF(A44<=493,"Sinnoh",IF(A44<=649,"Unova",IF(A44<=721,"Kalos",IF(A44<=809,"Alola",IF(A44<=905,"Galar","Paldea")))))))) -> Kanto | F44: =IF(G44>=600,"Lendário",IF(G44>=500,"Forte","Normal")) -> Normal | G44: 300 | H44: 50 | I44: 75 | J44: 85 | K44: 20 | L44: 30 | M44: 40 | N44: =AVERAGE($I$2:$I$1168) -> 78.907455 | O44: =CONCATENATE(A44,"-",B44) -> 27-Sandshrew
A45: 28 | B45: Sandslash | C45: GROUND | D45: =COUNTIF($C$2:$C$1168,Tabela1[[#This Row],[Type]]) -> 62 | E45: =IF(A45<=151,"Kanto",IF(A45<=251,"Johto",IF(A45<=386,"Hoenn",IF(A45<=493,"Sinnoh",IF(A45<=649,"Unova",IF(A45<=721,"Kalos",IF(A45<=809,"Alola",IF(A45<=905,"Galar","Paldea")))))))) -> Kanto | F45: =IF(G45>=600,"Lendário",IF(G45>=500,"Forte","Normal")) -> Normal | G45: 450 | H45: 75 | I45: 100 | J45: 110 | K45: 45 | L45: 55 | M45: 65 | N45: =AVERAGE($I$2:$I$1168) -> 78.907455 | O45: =CONCATENATE(A45,"-",B45) -> 28-Sandslash
A46: 29 | B46: Nidoran♀ | C46: POISON | D46: =COUNTIF($C$2:$C$1168,Tabela1[[#This Row],[Type]]) -> 61 | E46: =IF(A46<=151,"Kanto",IF(A46<=251,"Johto",IF(A46<=386,"Hoenn",IF(A46<=493,"Sinnoh",IF(A46<=649,"Unova",IF(A46<=721,"Kalos",IF(A46<=809,"Alola",IF(A46<=905,"Galar","Paldea")))))))) -> Kanto | F46: =IF(G46>=600,"Lendário",IF(G46>=500,"Forte","Normal")) -> Normal | G46: 275 | H46: 55 | I46: 47 | J46: 52 | K46: 40 | L46: 40 | M46: 41 | N46: =AVERAGE($I$2:$I$1168) -> 78.907455 | O46: =CONCATENATE(A46,"-",B46) -> 29-Nidoran♀
A47: 30 | B47: Nidorina | C47: POISON | D47: =COUNTIF($C$2:$C$1168,Tabela1[[#This Row],[Type]]) -> 61 | E47: =IF(A47<=151,"Kanto",IF(A47<=251,"Johto",IF(A47<=386,"Hoenn",IF(A47<=493,"Sinnoh",IF(A47<=649,"Unova",IF(A47<=721,"Kalos",IF(A47<=809,"Alola",IF(A47<=905,"Galar","Paldea")))))))) -> Kanto | F47: =IF(G47>=600,"Lendário",IF(G47>=500,"Forte","Normal")) -> Normal | G47: 365 | H47: 70 | I47: 62 | J47: 67 | K47: 55 | L47: 55 | M47: 56 | N47: =AVERAGE($I$2:$I$1168) -> 78.907455 | O47: =CONCATENATE(A47,"-",B47) -> 30-Nidorina
A48: 31 | B48: Nidoqueen | C48: POISON | D48: =COUNTIF($C$2:$C$1168,Tabela1[[#This Row],[Type]]) -> 61 | E48: =IF(A48<=151,"Kanto",IF(A48<=251,"Johto",IF(A48<=386,"Hoenn",IF(A48<=493,"Sinnoh",IF(A48<=649,"Unova",IF(A48<=721,"Kalos",IF(A48<=809,"Alola",IF(A48<=905,"Galar","Paldea")))))))) -> Kanto | F48: =IF(G48>=600,"Lendário",IF(G48>=500,"Forte","Normal")) -> Normal | G48: 495 | H48: 90 | I48: 82 | J48: 87 | K48: 75 | L48: 85 | M48: 76 | N48: =AVERAGE($I$2:$I$1168) -> 78.907455 | O48: =CONCATENATE(A48,"-",B48) -> 31-Nidoqueen
A49: 31 | B49: =B48 -> Nidoqueen | C49: GROUND | D49: =COUNTIF($C$2:$C$1168,Tabela1[[#This Row],[Type]]) -> 62 | E49: =IF(A49<=151,"Kanto",IF(A49<=251,"Johto",IF(A49<=386,"Hoenn",IF(A49<=493,"Sinnoh",IF(A49<=649,"Unova",IF(A49<=721,"Kalos",IF(A49<=809,"Alola",IF(A49<=905,"Galar","Paldea")))))))) -> Kanto | F49: =IF(G49>=600,"Lendário",IF(G49>=500,"Forte","Normal")) -> Normal | G49: =G48 -> 495 | H49: =H48 -> 90 | I49: =I48 -> 82 | J49: =J48 -> 87 | K49: =K48 -> 75 | L49: =L48 -> 85 | M49: =M48 -> 76 | N49: =AVERAGE($I$2:$I$1168) -> 78.907455 | O49: =CONCATENATE(A49,"-",B49) -> 31-Nidoqueen
A50: 32 | B50: Nidoran♂ | C50: POISON | D50: =COUNTIF($C$2:$C$1168,Tabela1[[#This Row],[Type]]) -> 61 | E50: =IF(A50<=151,"Kanto",IF(A50<=251,"Johto",IF(A50<=386,"Hoenn",IF(A50<=493,"Sinnoh",IF(A50<=649,"Unova",IF(A50<=721,"Kalos",IF(A50<=809,"Alola",IF(A50<=905,"Galar","Paldea")))))))) -> Kanto | F50: =IF(G50>=600,"Lendário",IF(G50>=500,"Forte","Normal")) -> Normal | G50: 273 | H50: 46 | I50: 57 | J50: 40 | K50: 40 | L50: 40 | M50: 50 | N50: =AVERAGE($I$2:$I$1168) -> 78.907455 | O50: =CONCATENATE(A50,"-",B50) -> 32-Nidoran♂
A51: 33 | B51: Nidorino | C51: POISON | D51: =COUNTIF($C$2:$C$1168,Tabela1[[#This Row],[Type]]) -> 61 | E51: =IF(A51<=151,"Kanto",IF(A51<=251,"Johto",IF(A51<=386,"Hoenn",IF(A51<=493,"Sinnoh",IF(A51<=649,"Unova",IF(A51<=721,"Kalos",IF(A51<=809,"Alola",IF(A51<=905,"Galar","Paldea")))))))) -> Kanto | F51: =IF(G51>=600,"Lendário",IF(G51>=500,"Forte","Normal")) -> Normal | G51: 365 | H51: 61 | I51: 72 | J51: 57 | K51: 55 | L51: 55 | M51: 65 | N51: =AVERAGE($I$2:$I$1168) -> 78.907455 | O51: =CONCATENATE(A51,"-",B51) -> 33-Nidorino
A52: 34 | B52: Nidoking | C52: POISON | D52: =COUNTIF($C$2:$C$1168,Tabela1[[#This Row],[Type]]) -> 61 | E52: =IF(A52<=151,"Kanto",IF(A52<=251,"Johto",IF(A52<=386,"Hoenn",IF(A52<=493,"Sinnoh",IF(A52<=649,"Unova",IF(A52<=721,"Kalos",IF(A52<=809,"Alola",IF(A52<=905,"Galar","Paldea")))))))) -> Kanto | F52: =IF(G52>=600,"Lendário",IF(G52>=500,"Forte","Normal")) -> Normal | G52: 495 | H52: 81 | I52: 92 | J52: 77 | K52: 85 | L52: 75 | M52: 85 | N52: =AVERAGE($I$2:$I$1168) -> 78.907455 | O52: =CONCATENATE(A52,"-",B52) -> 34-Nidoking
A53: 34 | B53: =B52 -> Nidoking | C53: GROUND | D53: =COUNTIF($C$2:$C$1168,Tabela1[[#This Row],[Type]]) -> 62 | E53: =IF(A53<=151,"Kanto",IF(A53<=251,"Johto",IF(A53<=386,"Hoenn",IF(A53<=493,"Sinnoh",IF(A53<=649,"Unova",IF(A53<=721,"Kalos",IF(A53<=809,"Alola",IF(A53<=905,"Galar","Paldea")))))))) -> Kanto | F53: =IF(G53>=600,"Lendário",IF(G53>=500,"Forte","Normal")) -> Normal | G53: =G52 -> 495 | H53: =H52 -> 81 | I53: =I52 -> 92 | J53: =J52 -> 77 | K53: =K52 -> 85 | L53: =L52 -> 75 | M53: =M52 -> 85 | N53: =AVERAGE($I$2:$I$1168) -> 78.907455 | O53: =CONCATENATE(A53,"-",B53) -> 34-Nidoking
A54: 35 | B54: Clefairy | C54: FAIRY | D54: =COUNTIF($C$2:$C$1168,Tabela1[[#This Row],[Type]]) -> 34 | E54: =IF(A54<=151,"Kanto",IF(A54<=251,"Johto",IF(A54<=386,"Hoenn",IF(A54<=493,"Sinnoh",IF(A54<=649,"Unova",IF(A54<=721,"Kalos",IF(A54<=809,"Alola",IF(A54<=905,"Galar","Paldea")))))))) -> Kanto | F54: =IF(G54>=600,"Lendário",IF(G54>=500,"Forte","Normal")) -> Normal | G54: 323 | H54: 70 | I54: 45 | J54: 48 | K54: 60 | L54: 65 | M54: 35 | N54: =AVERAGE($I$2:$I$1168) -> 78.907455 | O54: =CONCATENATE(A54,"-",B54) -> 35-Clefairy
A55: 36 | B55: Clefable | C55: FAIRY | D55: =COUNTIF($C$2:$C$1168,Tabela1[[#This Row],[Type]]) -> 34 | E55: =IF(A55<=151,"Kanto",IF(A55<=251,"Johto",IF(A55<=386,"Hoenn",IF(A55<=493,"Sinnoh",IF(A55<=649,"Unova",IF(A55<=721,"Kalos",IF(A55<=809,"Alola",IF(A55<=905,"Galar","Paldea")))))))) -> Kanto | F55: =IF(G55>=600,"Lendário",IF(G55>=500,"Forte","Normal")) -> Normal | G55: 473 | H55: 95 | I55: 70 | J55: 73 | K55: 85 | L55: 90 | M55: 60 | N55: =AVERAGE($I$2:$I$1168) -> 78.907455 | O55: =CONCATENATE(A55,"-",B55) -> 36-Clefable
A56: 36 | B56: =B55 -> Clefable | C56: FAIRY | D56: =COUNTIF($C$2:$C$1168,Tabela1[[#This Row],[Type]]) -> 34 | E56: =IF(A56<=151,"Kanto",IF(A56<=251,"Johto",IF(A56<=386,"Hoenn",IF(A56<=493,"Sinnoh",IF(A56<=649,"Unova",IF(A56<=721,"Kalos",IF(A56<=809,"Alola",IF(A56<=905,"Galar","Paldea")))))))) -> Kanto | F56: =IF(G56>=600,"Lendário",IF(G56>=500,"Forte","Normal")) -> Normal | G56: =G55 -> 473 | H56: =H55 -> 95 | I56: =I55 -> 70 | J56: =J55 -> 73 | K56: =K55 -> 85 | L56: =L55 -> 90 | M56: =M55 -> 60 | N56: =AVERAGE($I$2:$I$1168) -> 78.907455 | O56: =CONCATENATE(A56,"-",B56) -> 36-Clefable
A57: 36 | B57: =B56 -> Clefable | C57: FAIRY | D57: =COUNTIF($C$2:$C$1168,Tabela1[[#This Row],[Type]]) -> 34 | E57: =IF(A57<=151,"Kanto",IF(A57<=251,"Johto",IF(A57<=386,"Hoenn",IF(A57<=493,"Sinnoh",IF(A57<=649,"Unova",IF(A57<=721,"Kalos",IF(A57<=809,"Alola",IF(A57<=905,"Galar","Paldea")))))))) -> Kanto | F57: =IF(G57>=600,"Lendário",IF(G57>=500,"Forte","Normal")) -> Normal | G57: =G56 -> 473 | H57: =H56 -> 95 | I57: =I56 -> 70 | J57: =J56 -> 73 | K57: =K56 -> 85 | L57: =L56 -> 90 | M57: =M56 -> 60 | N57: =AVERAGE($I$2:$I$1168) -> 78.907455 | O57: =CONCATENATE(A57,"-",B57) -> 36-Clefable
A58: 37 | B58: Vulpix | C58: FIRE | D58: =COUNTIF($C$2:$C$1168,Tabela1[[#This Row],[Type]]) -> 62 | E58: =IF(A58<=151,"Kanto",IF(A58<=251,"Johto",IF(A58<=386,"Hoenn",IF(A58<=493,"Sinnoh",IF(A58<=649,"Unova",IF(A58<=721,"Kalos",IF(A58<=809,"Alola",IF(A58<=905,"Galar","Paldea")))))))) -> Kanto | F58: =IF(G58>=600,"Lendário",IF(G58>=500,"Forte","Normal")) -> Normal | G58: 299 | H58: 38 | I58: 41 | J58: 40 | K58: 50 | L58: 65 | M58: 65 | N58: =AVERAGE($I$2:$I$1168) -> 78.907455 | O58: =CONCATENATE(A58,"-",B58) -> 37-Vulpix
A59: 38 | B59: Ninetales | C59: FIRE | D59: =COUNTIF($C$2:$C$1168,Tabela1[[#This Row],[Type]]) -> 62 | E59: =IF(A59<=151,"Kanto",IF(A59<=251,"Johto",IF(A59<=386,"Hoenn",IF(A59<=493,"Sinnoh",IF(A59<=649,"Unova",IF(A59<=721,"Kalos",IF(A59<=809,"Alola",IF(A59<=905,"Galar","Paldea")))))))) -> Kanto | F59: =IF(G59>=600,"Lendário",IF(G59>=500,"Forte","Normal")) -> Forte | G59: 505 | H59: 73 | I59: 76 | J59: 75 | K59: 81 | L59: 100 | M59: 100 | N59: =AVERAGE($I$2:$I$1168) -> 78.907455 | O59: =CONCATENATE(A59,"-",B59) -> 38-Ninetales
A60: 39 | B60: Jigglypuff | C60: NORMAL | D60: =COUNTIF($C$2:$C$1168,Tabela1[[#This Row],[Type]]) -> 99 | E60: =IF(A60<=151,"Kanto",IF(A60<=251,"Johto",IF(A60<=386,"Hoenn",IF(A60<=493,"Sinnoh",IF(A60<=649,"Unova",IF(A60<=721,"Kalos",IF(A60<=809,"Alola",IF(A60<=905,"Galar","Paldea")))))))) -> Kanto | F60: =IF(G60>=600,"Lendário",IF(G60>=500,"Forte","Normal")) -> Normal | G60: 270 | H60: 115 | I60: 45 | J60: 20 | K60: 45 | L60: 25 | M60: 20 | N60: =AVERAGE($I$2:$I$1168) -> 78.907455 | O60: =CONCATENATE(A60,"-",B60) -> 39-Jigglypuff
A61: 40 | B61: Wigglytuff | C61: NORMAL | D61: =COUNTIF($C$2:$C$1168,Tabela1[[#This Row],[Type]]) -> 99 | E61: =IF(A61<=151,"Kanto",IF(A61<=251,"Johto",IF(A61<=386,"Hoenn",IF(A61<=493,"Sinnoh",IF(A61<=649,"Unova",IF(A61<=721,"Kalos",IF(A61<=809,"Alola",IF(A61<=905,"Galar","Paldea")))))))) -> Kanto | F61: =IF(G61>=600,"Lendário",IF(G61>=500,"Forte","Normal")) -> Normal | G61: 425 | H61: 140 | I61: 70 | J61: 45 | K61: 75 | L61: 50 | M61: 45 | N61: =AVERAGE($I$2:$I$1168) -> 78.907455 | O61: =CONCATENATE(A61,"-",B61) -> 40-Wigglytuff
A62: 41 | B62: Zubat | C62: POISON | D62: =COUNTIF($C$2:$C$1168,Tabela1[[#This Row],[Type]]) -> 61 | E62: =IF(A62<=151,"Kanto",IF(A62<=251,"Johto",IF(A62<=386,"Hoenn",IF(A62<=493,"Sinnoh",IF(A62<=649,"Unova",IF(A62<=721,"Kalos",IF(A62<=809,"Alola",IF(A62<=905,"Galar","Paldea")))))))) -> Kanto | F62: =IF(G62>=600,"Lendário",IF(G62>=500,"Forte","Normal")) -> Normal | G62: 245 | H62: 40 | I62: 45 | J62: 35 | K62: 30 | L62: 40 | M62: 55 | N62: =AVERAGE($I$2:$I$1168) -> 78.907455 | O62: =CONCATENATE(A62,"-",B62) -> 41-Zubat
A63: 41 | B63: =B62 -> Zubat | C63: FLYING | D63: =COUNTIF($C$2:$C$1168,Tabela1[[#This Row],[Type]]) -> 100 | E63: =IF(A63<=151,"Kanto",IF(A63<=251,"Johto",IF(A63<=386,"Hoenn",IF(A63<=493,"Sinnoh",IF(A63<=649,"Unova",IF(A63<=721,"Kalos",IF(A63<=809,"Alola",IF(A63<=905,"Galar","Paldea")))))))) -> Kanto | F63: =IF(G63>=600,"Lendário",IF(G63>=500,"Forte","Normal")) -> Normal | G63: =G62 -> 245 | H63: =H62 -> 40 | I63: =I62 -> 45 | J63: =J62 -> 35 | K63: =K62 -> 30 | L63: =L62 -> 40 | M63: =M62 -> 55 | N63: =AVERAGE($I$2:$I$1168) -> 78.907455 | O63: =CONCATENATE(A63,"-",B63) -> 41-Zubat
A64: 42 | B64: Golbat | C64: POISON | D64: =COUNTIF($C$2:$C$1168,Tabela1[[#This Row],[Type]]) -> 61 | E64: =IF(A64<=151,"Kanto",IF(A64<=251,"Johto",IF(A64<=386,"Hoenn",IF(A64<=493,"Sinnoh",IF(A64<=649,"Unova",IF(A64<=721,"Kalos",IF(A64<=809,"Alola",IF(A64<=905,"Galar","Paldea")))))))) -> Kanto | F64: =IF(G64>=600,"Lendário",IF(G64>=500,"Forte","Normal")) -> Normal | G64: 455 | H64: 75 | I64: 80 | J64: 70 | K64: 65 | L64: 75 | M64: 90 | N64: =AVERAGE($I$2:$I$1168) -> 78.907455 | O64: =CONCATENATE(A64,"-",B64) -> 42-Golbat
A65: 42 | B65: =B64 -> Golbat | C65: FLYING | D65: =COUNTIF($C$2:$C$1168,Tabela1[[#This Row],[Type]]) -> 100 | E65: =IF(A65<=151,"Kanto",IF(A65<=251,"Johto",IF(A65<=386,"Hoenn",IF(A65<=493,"Sinnoh",IF(A65<=649,"Unova",IF(A65<=721,"Kalos",IF(A65<=809,"Alola",IF(A65<=905,"Galar","Paldea")))))))) -> Kanto | F65: =IF(G65>=600,"Lendário",IF(G65>=500,"Forte","Normal")) -> Normal | G65: =G64 -> 455 | H65: =H64 -> 75 | I65: =I64 -> 80 | J65: =J64 -> 70 | K65: =K64 -> 65 | L65: =L64 -> 75 | M65: =M64 -> 90 | N65: =AVERAGE($I$2:$I$1168) -> 78.907455 | O65: =CONCATENATE(A65,"-",B65) -> 42-Golbat
A66: 43 | B66: Oddish | C66: GRASS | D66: =COUNTIF($C$2:$C$1168,Tabela1[[#This Row],[Type]]) -> 93 | E66: =IF(A66<=151,"Kanto",IF(A66<=251,"Johto",IF(A66<=386,"Hoenn",IF(A66<=493,"Sinnoh",IF(A66<=649,"Unova",IF(A66<=721,"Kalos",IF(A66<=809,"Alola",IF(A66<=905,"Galar","Paldea")))))))) -> Kanto | F66: =IF(G66>=600,"Lendário",IF(G66>=500,"Forte","Normal")) -> Normal | G66: 320 | H66: 45 | I66: 50 | J66: 55 | K66: 75 | L66: 65 | M66: 30 | N66: =AVERAGE($I$2:$I$1168) -> 78.907455 | O66: =CONCATENATE(A66,"-",B66) -> 43-Oddish
A67: 43 | B67: =B66 -> Oddish | C67: POISON | D67: =COUNTIF($C$2:$C$1168,Tabela1[[#This Row],[Type]]) -> 61 | E67: =IF(A67<=151,"Kanto",IF(A67<=251,"Johto",IF(A67<=386,"Hoenn",IF(A67<=493,"Sinnoh",IF(A67<=649,"Unova",IF(A67<=721,"Kalos",IF(A67<=809,"Alola",IF(A67<=905,"Galar","Paldea")))))))) -> Kanto | F67: =IF(G67>=600,"Lendário",IF(G67>=500,"Forte","Normal")) -> Normal | G67: =G66 -> 320 | H67: =H66 -> 45 | I67: =I66 -> 50 | J67: =J66 -> 55 | K67: =K66 -> 75 | L67: =L66 -> 65 | M67: =M66 -> 30 | N67: =AVERAGE($I$2:$I$1168) -> 78.907455 | O67: =CONCATENATE(A67,"-",B67) -> 43-Oddish
A68: 44 | B68: Gloom | C68: GRASS | D68: =COUNTIF($C$2:$C$1168,Tabela1[[#This Row],[Type]]) -> 93 | E68: =IF(A68<=151,"Kanto",IF(A68<=251,"Johto",IF(A68<=386,"Hoenn",IF(A68<=493,"Sinnoh",IF(A68<=649,"Unova",IF(A68<=721,"Kalos",IF(A68<=809,"Alola",IF(A68<=905,"Galar","Paldea")))))))) -> Kanto | F68: =IF(G68>=600,"Lendário",IF(G68>=500,"Forte","Normal")) -> Normal | G68: 395 | H68: 60 | I68: 65 | J68: 70 | K68: 85 | L68: 75 | M68: 40 | N68: =AVERAGE($I$2:$I$1168) -> 78.907455 | O68: =CONCATENATE(A68,"-",B68) -> 44-Gloom
A69: 44 | B69: =B68 -> Gloom | C69: POISON | D69: =COUNTIF($C$2:$C$1168,Tabela1[[#This Row],[Type]]) -> 61 | E69: =IF(A69<=151,"Kanto",IF(A69<=251,"Johto",IF(A69<=386,"Hoenn",IF(A69<=493,"Sinnoh",IF(A69<=649,"Unova",IF(A69<=721,"Kalos",IF(A69<=809,"Alola",IF(A69<=905,"Galar","Paldea")))))))) -> Kanto | F69: =IF(G69>=600,"Lendário",IF(G69>=500,"Forte","Normal")) -> Normal | G69: =G68 -> 395 | H69: =H68 -> 60 | I69: =I68 -> 65 | J69: =J68 -> 70 | K69: =K68 -> 85 | L69: =L68 -> 75 | M69: =M68 -> 40 | N69: =AVERAGE($I$2:$I$1168) -> 78.907455 | O69: =CONCATENATE(A69,"-",B69) -> 44-Gloom
A70: 45 | B70: Vileplume | C70: GRASS | D70: =COUNTIF($C$2:$C$1168,Tabela1[[#This Row],[Type]]) -> 93 | E70: =IF(A70<=151,"Kanto",IF(A70<=251,"Johto",IF(A70<=386,"Hoenn",IF(A70<=493,"Sinnoh",IF(A70<=649,"Unova",IF(A70<=721,"Kalos",IF(A70<=809,"Alola",IF(A70<=905,"Galar","Paldea")))))))) -> Kanto | F70: =IF(G70>=600,"Lendário",IF(G70>=500,"Forte","Normal")) -> Normal | G70: 480 | H70: 75 | I70: 80 | J70: 85 | K70: 100 | L70: 90 | M70: 50 | N70: =AVERAGE($I$2:$I$1168) -> 78.907455 | O70: =CONCATENATE(A70,"-",B70) -> 45-Vileplume
A71: 45 | B71: =B70 -> Vileplume | C71: POISON | D71: =COUNTIF($C$2:$C$1168,Tabela1[[#This Row],[Type]]) -> 61 | E71: =IF(A71<=151,"Kanto",IF(A71<=251,"Johto",IF(A71<=386,"Hoenn",IF(A71<=493,"Sinnoh",IF(A71<=649,"Unova",IF(A71<=721,"Kalos",IF(A71<=809,"Alola",IF(A71<=905,"Galar","Paldea")))))))) -> Kanto | F71: =IF(G71>=600,"Lendário",IF(G71>=500,"Forte","Normal")) -> Normal | G71: =G70 -> 480 | H71: =H70 -> 75 | I71: =I70 -> 80 | J71: =J70 -> 85 | K71: =K70 -> 100 | L71: =L70 -> 90 | M71: =M70 -> 50 | N71: =AVERAGE($I$2:$I$1168) -> 78.907455 | O71: =CONCATENATE(A71,"-",B71) -> 45-Vileplume
A72: 46 | B72: Paras | C72: BUG | D72: =COUNTIF($C$2:$C$1168,Tabela1[[#This Row],[Type]]) -> 71 | E72: =IF(A72<=151,"Kanto",IF(A72<=251,"Johto",IF(A72<=386,"Hoenn",IF(A72<=493,"Sinnoh",IF(A72<=649,"Unova",IF(A72<=721,"Kalos",IF(A72<=809,"Alola",IF(A72<=905,"Galar","Paldea")))))))) -> Kanto | F72: =IF(G72>=600,"Lendário",IF(G72>=500,"Forte","Normal")) -> Normal | G72: 285 | H72: 35 | I72: 70 | J72: 55 | K72: 45 | L72: 55 | M72: 25 | N72: =AVERAGE($I$2:$I$1168) -> 78.907455 | O72: =CONCATENATE(A72,"-",B72) -> 46-Paras
A73: 46 | B73: =B72 -> Paras | C73: GRASS | D73: =COUNTIF($C$2:$C$1168,Tabela1[[#This Row],[Type]]) -> 93 | E73: =IF(A73<=151,"Kanto",IF(A73<=251,"Johto",IF(A73<=386,"Hoenn",IF(A73<=493,"Sinnoh",IF(A73<=649,"Unova",IF(A73<=721,"Kalos",IF(A73<=809,"Alola",IF(A73<=905,"Galar","Paldea")))))))) -> Kanto | F73: =IF(G73>=600,"Lendário",IF(G73>=500,"Forte","Normal")) -> Normal | G73: =G72 -> 285 | H73: =H72 -> 35 | I73: =I72 -> 70 | J73: =J72 -> 55 | K73: =K72 -> 45 | L73: =L72 -> 55 | M73: =M72 -> 25 | N73: =AVERAGE($I$2:$I$1168) -> 78.907455 | O73: =CONCATENATE(A73,"-",B73) -> 46-Paras
A74: 47 | B74: Parasect | C74: BUG | D74: =COUNTIF($C$2:$C$1168,Tabela1[[#This Row],[Type]]) -> 71 | E74: =IF(A74<=151,"Kanto",IF(A74<=251,"Johto",IF(A74<=386,"Hoenn",IF(A74<=493,"Sinnoh",IF(A74<=649,"Unova",IF(A74<=721,"Kalos",IF(A74<=809,"Alola",IF(A74<=905,"Galar","Paldea")))))))) -> Kanto | F74: =IF(G74>=600,"Lendário",IF(G74>=500,"Forte","Normal")) -> Normal | G74: 405 | H74: 60 | I74: 95 | J74: 80 | K74: 60 | L74: 80 | M74: 30 | N74: =AVERAGE($I$2:$I$1168) -> 78.907455 | O74: =CONCATENATE(A74,"-",B74) -> 47-Parasect
A75: 47 | B75: =B74 -> Parasect | C75: GRASS | D75: =COUNTIF($C$2:$C$1168,Tabela1[[#This Row],[Type]]) -> 93 | E75: =IF(A75<=151,"Kanto",IF(A75<=251,"Johto",IF(A75<=386,"Hoenn",IF(A75<=493,"Sinnoh",IF(A75<=649,"Unova",IF(A75<=721,"Kalos",IF(A75<=809,"Alola",IF(A75<=905,"Galar","Paldea")))))))) -> Kanto | F75: =IF(G75>=600,"Lendário",IF(G75>=500,"Forte","Normal")) -> Normal | G75: =G74 -> 405 | H75: =H74 -> 60 | I75: =I74 -> 95 | J75: =J74 -> 80 | K75: =K74 -> 60 | L75: =L74 -> 80 | M75: =M74 -> 30 | N75: =AVERAGE($I$2:$I$1168) -> 78.907455 | O75: =CONCATENATE(A75,"-",B75) -> 47-Parasect
A76: 48 | B76: Venonat | C76: BUG | D76: =COUNTIF($C$2:$C$1168,Tabela1[[#This Row],[Type]]) -> 71 | E76: =IF(A76<=151,"Kanto",IF(A76<=251,"Johto",IF(A76<=386,"Hoenn",IF(A76<=493,"Sinnoh",IF(A76<=649,"Unova",IF(A76<=721,"Kalos",IF(A76<=809,"Alola",IF(A76<=905,"Galar","Paldea")))))))) -> Kanto | F76: =IF(G76>=600,"Lendário",IF(G76>=500,"Forte","Normal")) -> Normal | G76: 305 | H76: 60 | I76: 55 | J76: 50 | K76: 40 | L76: 55 | M76: 45 | N76: =AVERAGE($I$2:$I$1168) -> 78.907455 | O76: =CONCATENATE(A76,"-",B76) -> 48-Venonat
A77: 48 | B77: =B76 -> Venonat | C77: POISON | D77: =COUNTIF($C$2:$C$1168,Tabela1[[#This Row],[Type]]) -> 61 | E77: =IF(A77<=151,"Kanto",IF(A77<=251,"Johto",IF(A77<=386,"Hoenn",IF(A77<=493,"Sinnoh",IF(A77<=649,"Unova",IF(A77<=721,"Kalos",IF(A77<=809,"Alola",IF(A77<=905,"Galar","Paldea")))))))) -> Kanto | F77: =IF(G77>=600,"Lendário",IF(G77>=500,"Forte","Normal")) -> Normal | G77: =G76 -> 305 | H77: =H76 -> 60 | I77: =I76 -> 55 | J77: =J76 -> 50 | K77: =K76 -> 40 | L77: =L76 -> 55 | M77: =M76 -> 45 | N77: =AVERAGE($I$2:$I$1168) -> 78.907455 | O77: =CONCATENATE(A77,"-",B77) -> 48-Venonat
A78: 49 | B78: Venomoth | C78: BUG | D78: =COUNTIF($C$2:$C$1168,Tabela1[[#This Row],[Type]]) -> 71 | E78: =IF(A78<=151,"Kanto",IF(A78<=251,"Johto",IF(A78<=386,"Hoenn",IF(A78<=493,"Sinnoh",IF(A78<=649,"Unova",IF(A78<=721,"Kalos",IF(A78<=809,"Alola",IF(A78<=905,"Galar","Paldea")))))))) -> Kanto | F78: =IF(G78>=600,"Lendário",IF(G78>=500,"Forte","Normal")) -> Normal | G78: 450 | H78: 70 | I78: 65 | J78: 60 | K78: 90 | L78: 75 | M78: 90 | N78: =AVERAGE($I$2:$I$1168) -> 78.907455 | O78: =CONCATENATE(A78,"-",B78) -> 49-Venomoth
A79: 49 | B79: =B78 -> Venomoth | C79: POISON | D79: =COUNTIF($C$2:$C$1168,Tabela1[[#This Row],[Type]]) -> 61 | E79: =IF(A79<=151,"Kanto",IF(A79<=251,"Johto",IF(A79<=386,"Hoenn",IF(A79<=493,"Sinnoh",IF(A79<=649,"Unova",IF(A79<=721,"Kalos",IF(A79<=809,"Alola",IF(A79<=905,"Galar","Paldea")))))))) -> Kanto | F79: =IF(G79>=600,"Lendário",IF(G79>=500,"Forte","Normal")) -> Normal | G79: =G78 -> 450 | H79: =H78 -> 70 | I79: =I78 -> 65 | J79: =J78 -> 60 | K79: =K78 -> 90 | L79: =L78 -> 75 | M79: =M78 -> 90 | N79: =AVERAGE($I$2:$I$1168) -> 78.907455 | O79: =CONCATENATE(A79,"-",B79) -> 49-Venomoth
A80: 50 | B80: Diglett | C80: GROUND | D80: =COUNTIF($C$2:$C$1168,Tabela1[[#This Row],[Type]]) -> 62 | E80: =IF(A80<=151,"Kanto",IF(A80<=251,"Johto",IF(A80<=386,"Hoenn",IF(A80<=493,"Sinnoh",IF(A80<=649,"Unova",IF(A80<=721,"Kalos",IF(A80<=809,"Alola",IF(A80<=905,"Galar","Paldea")))))))) -> Kanto | F80: =IF(G80>=600,"Lendário",IF(G80>=500,"Forte","Normal")) -> Normal | G80: 265 | H80: 10 | I80: 55 | J80: 25 | K80: 35 | L80: 45 | M80: 95 | N80: =AVERAGE($I$2:$I$1168) -> 78.907455 | O80: =CONCATENATE(A80,"-",B80) -> 50-Diglett
A81: 51 | B81: Dugtrio | C81: GROUND | D81: =COUNTIF($C$2:$C$1168,Tabela1[[#This Row],[Type]]) -> 62 | E81: =IF(A81<=151,"Kanto",IF(A81<=251,"Johto",IF(A81<=386,"Hoenn",IF(A81<=493,"Sinnoh",IF(A81<=649,"Unova",IF(A81<=721,"Kalos",IF(A81<=809,"Alola",IF(A81<=905,"Galar","Paldea")))))))) -> Kanto | F81: =IF(G81>=600,"Lendário",IF(G81>=500,"Forte","Normal")) -> Normal | G81: 405 | H81: 35 | I81: 80 | J81: 50 | K81: 50 | L81: 70 | M81: 120 | N81: =AVERAGE($I$2:$I$1168) -> 78.907455 | O81: =CONCATENATE(A81,"-",B81) -> 51-Dugtrio
A82: 52 | B82: Meowth | C82: NORMAL | D82: =COUNTIF($C$2:$C$1168,Tabela1[[#This Row],[Type]]) -> 99 | E82: =IF(A82<=151,"Kanto",IF(A82<=251,"Johto",IF(A82<=386,"Hoenn",IF(A82<=493,"Sinnoh",IF(A82<=649,"Unova",IF(A82<=721,"Kalos",IF(A82<=809,"Alola",IF(A82<=905,"Galar","Paldea")))))))) -> Kanto | F82: =IF(G82>=600,"Lendário",IF(G82>=500,"Forte","Normal")) -> Normal | G82: 290 | H82: 40 | I82: 45 | J82: 35 | K82: 40 | L82: 40 | M82: 90 | N82: =AVERAGE($I$2:$I$1168) -> 78.907455 | O82: =CONCATENATE(A82,"-",B82) -> 52-Meowth
A83: 53 | B83: Persian | C83: NORMAL | D83: =COUNTIF($C$2:$C$1168,Tabela1[[#This Row],[Type]]) -> 99 | E83: =IF(A83<=151,"Kanto",IF(A83<=251,"Johto",IF(A83<=386,"Hoenn",IF(A83<=493,"Sinnoh",IF(A83<=649,"Unova",IF(A83<=721,"Kalos",IF(A83<=809,"Alola",IF(A83<=905,"Galar","Paldea")))))))) -> Kanto | F83: =IF(G83>=600,"Lendário",IF(G83>=500,"Forte","Normal")) -> Normal | G83: 440 | H83: 65 | I83: 70 | J83: 60 | K83: 65 | L83: 65 | M83: 115 | N83: =AVERAGE($I$2:$I$1168) -> 78.907455 | O83: =CONCATENATE(A83,"-",B83) -> 53-Persian
A84: 53 | B84: =B83 -> Persian | C84: WATER | D84: =COUNTIF($C$2:$C$1168,Tabela1[[#This Row],[Type]]) -> 121 | E84: =IF(A84<=151,"Kanto",IF(A84<=251,"Johto",IF(A84<=386,"Hoenn",IF(A84<=493,"Sinnoh",IF(A84<=649,"Unova",IF(A84<=721,"Kalos",IF(A84<=809,"Alola",IF(A84<=905,"Galar","Paldea")))))))) -> Kanto | F84: =IF(G84>=600,"Lendário",IF(G84>=500,"Forte","Normal")) -> Normal | G84: =G83 -> 440 | H84: =H83 -> 65 | I84: =I83 -> 70 | J84: =J83 -> 60 | K84: =K83 -> 65 | L84: =L83 -> 65 | M84: =M83 -> 115 | N84: =AVERAGE($I$2:$I$1168) -> 78.907455 | O84: =CONCATENATE(A84,"-",B84) -> 53-Persian
A85: 54 | B85: Psyduck | C85: WATER | D85: =COUNTIF($C$2:$C$1168,Tabela1[[#This Row],[Type]]) -> 121 | E85: =IF(A85<=151,"Kanto",IF(A85<=251,"Johto",IF(A85<=386,"Hoenn",IF(A85<=493,"Sinnoh",IF(A85<=649,"Unova",IF(A85<=721,"Kalos",IF(A85<=809,"Alola",IF(A85<=905,"Galar","Paldea")))))))) -> Kanto | F85: =IF(G85>=600,"Lendário",IF(G85>=500,"Forte","Normal")) -> Normal | G85: 320 | H85: 50 | I85: 52 | J85: 48 | K85: 65 | L85: 50 | M85: 55 | N85: =AVERAGE($I$2:$I$1168) -> 78.907455 | O85: =CONCATENATE(A85,"-",B85) -> 54-Psyduck
A86: 55 | B86: Golduck | C86: WATER | D86: =COUNTIF($C$2:$C$1168,Tabela1[[#This Row],[Type]]) -> 121 | E86: =IF(A86<=151,"Kanto",IF(A86<=251,"Johto",IF(A86<=386,"Hoenn",IF(A86<=493,"Sinnoh",IF(A86<=649,"Unova",IF(A86<=721,"Kalos",IF(A86<=809,"Alola",IF(A86<=905,"Galar","Paldea")))))))) -> Kanto | F86: =IF(G86>=600,"Lendário",IF(G86>=500,"Forte","Normal")) -> Forte | G86: 500 | H86: 80 | I86: 82 | J86: 78 | K86: 95 | L86: 80 | M86: 85 | N86: =AVERAGE($I$2:$I$1168) -> 78.907455 | O86: =CONCATENATE(A86,"-",B86) -> 55-Golduck
A87: 56 | B87: Mankey | C87: FIGHTING | D87: =COUNTIF($C$2:$C$1168,Tabela1[[#This Row],[Type]]) -> 51 | E87: =IF(A87<=151,"Kanto",IF(A87<=251,"Johto",IF(A87<=386,"Hoenn",IF(A87<=493,"Sinnoh",IF(A87<=649,"Unova",IF(A87<=721,"Kalos",IF(A87<=809,"Alola",IF(A87<=905,"Galar","Paldea")))))))) -> Kanto | F87: =IF(G87>=600,"Lendário",IF(G87>=500,"Forte","Normal")) -> Normal | G87: 305 | H87: 40 | I87: 80 | J87: 35 | K87: 35 | L87: 45 | M87: 70 | N87: =AVERAGE($I$2:$I$1168) -> 78.907455 | O87: =CONCATENATE(A87,"-",B87) -> 56-Mankey
A88: 57 | B88: Primeape | C88: FIGHTING | D88: =COUNTIF($C$2:$C$1168,Tabela1[[#This Row],[Type]]) -> 51 | E88: =IF(A88<=151,"Kanto",IF(A88<=251,"Johto",IF(A88<=386,"Hoenn",IF(A88<=493,"Sinnoh",IF(A88<=649,"Unova",IF(A88<=721,"Kalos",IF(A88<=809,"Alola",IF(A88<=905,"Galar","Paldea")))))))) -> Kanto | F88: =IF(G88>=600,"Lendário",IF(G88>=500,"Forte","Normal")) -> Normal | G88: 455 | H88: 65 | I88: 105 | J88: 60 | K88: 60 | L88: 70 | M88: 95 | N88: =AVERAGE($I$2:$I$1168) -> 78.907455 | O88: =CONCATENATE(A88,"-",B88) -> 57-Primeape
A89: 58 | B89: Growlithe | C89: FIRE | D89: =COUNTIF($C$2:$C$1168,Tabela1[[#This Row],[Type]]) -> 62 | E89: =IF(A89<=151,"Kanto",IF(A89<=251,"Johto",IF(A89<=386,"Hoenn",IF(A89<=493,"Sinnoh",IF(A89<=649,"Unova",IF(A89<=721,"Kalos",IF(A89<=809,"Alola",IF(A89<=905,"Galar","Paldea")))))))) -> Kanto | F89: =IF(G89>=600,"Lendário",IF(G89>=500,"Forte","Normal")) -> Normal | G89: 350 | H89: 55 | I89: 70 | J89: 45 | K89: 70 | L89: 50 | M89: 60 | N89: =AVERAGE($I$2:$I$1168) -> 78.907455 | O89: =CONCATENATE(A89,"-",B89) -> 58-Growlithe
A90: 59 | B90: Arcanine | C90: FIRE | D90: =COUNTIF($C$2:$C$1168,Tabela1[[#This Row],[Type]]) -> 62 | E90: =IF(A90<=151,"Kanto",IF(A90<=251,"Johto",IF(A90<=386,"Hoenn",IF(A90<=493,"Sinnoh",IF(A90<=649,"Unova",IF(A90<=721,"Kalos",IF(A90<=809,"Alola",IF(A90<=905,"Galar","Paldea")))))))) -> Kanto | F90: =IF(G90>=600,"Lendário",IF(G90>=500,"Forte","Normal")) -> Forte | G90: 555 | H90: 90 | I90: 110 | J90: 80 | K90: 100 | L90: 80 | M90: 95 | N90: =AVERAGE($I$2:$I$1168) -> 78.907455 | O90: =CONCATENATE(A90,"-",B90) -> 59-Arcanine
A91: 60 | B91: Poliwag | C91: WATER | D91: =COUNTIF($C$2:$C$1168,Tabela1[[#This Row],[Type]]) -> 121 | E91: =IF(A91<=151,"Kanto",IF(A91<=251,"Johto",IF(A91<=386,"Hoenn",IF(A91<=493,"Sinnoh",IF(A91<=649,"Unova",IF(A91<=721,"Kalos",IF(A91<=809,"Alola",IF(A91<=905,"Galar","Paldea")))))))) -> Kanto | F91: =IF(G91>=600,"Lendário",IF(G91>=500,"Forte","Normal")) -> Normal | G91: 300 | H91: 40 | I91: 50 | J91: 40 | K91: 40 | L91: 40 | M91: 90 | N91: =AVERAGE($I$2:$I$1168) -> 78.907455 | O91: =CONCATENATE(A91,"-",B91) -> 60-Poliwag
A92: 61 | B92: Poliwhirl | C92: WATER | D92: =COUNTIF($C$2:$C$1168,Tabela1[[#This Row],[Type]]) -> 121 | E92: =IF(A92<=151,"Kanto",IF(A92<=251,"Johto",IF(A92<=386,"Hoenn",IF(A92<=493,"Sinnoh",IF(A92<=649,"Unova",IF(A92<=721,"Kalos",IF(A92<=809,"Alola",IF(A92<=905,"Galar","Paldea")))))))) -> Kanto | F92: =IF(G92>=600,"Lendário",IF(G92>=500,"Forte","Normal")) -> Normal | G92: 385 | H92: 65 | I92: 65 | J92: 65 | K92: 50 | L92: 50 | M92: 90 | N92: =AVERAGE($I$2:$I$1168) -> 78.907455 | O92: =CONCATENATE(A92,"-",B92) -> 61-Poliwhirl
A93: 62 | B93: Poliwrath | C93: WATER | D93: =COUNTIF($C$2:$C$1168,Tabela1[[#This Row],[Type]]) -> 121 | E93: =IF(A93<=151,"Kanto",IF(A93<=251,"Johto",IF(A93<=386,"Hoenn",IF(A93<=493,"Sinnoh",IF(A93<=649,"Unova",IF(A93<=721,"Kalos",IF(A93<=809,"Alola",IF(A93<=905,"Galar","Paldea")))))))) -> Kanto | F93: =IF(G93>=600,"Lendário",IF(G93>=500,"Forte","Normal")) -> Forte | G93: 500 | H93: 90 | I93: 85 | J93: 95 | K93: 70 | L93: 90 | M93: 70 | N93: =AVERAGE($I$2:$I$1168) -> 78.907455 | O93: =CONCATENATE(A93,"-",B93) -> 62-Poliwrath
A94: 62 | B94: =B93 -> Poliwrath | C94: FIGHTING | D94: =COUNTIF($C$2:$C$1168,Tabela1[[#This Row],[Type]]) -> 51 | E94: =IF(A94<=151,"Kanto",IF(A94<=251,"Johto",IF(A94<=386,"Hoenn",IF(A94<=493,"Sinnoh",IF(A94<=649,"Unova",IF(A94<=721,"Kalos",IF(A94<=809,"Alola",IF(A94<=905,"Galar","Paldea")))))))) -> Kanto | F94: =IF(G94>=600,"Lendário",IF(G94>=500,"Forte","Normal")) -> Forte | G94: =G93 -> 500 | H94: =H93 -> 90 | I94: =I93 -> 85 | J94: =J93 -> 95 | K94: =K93 -> 70 | L94: =L93 -> 90 | M94: =M93 -> 70 | N94: =AVERAGE($I$2:$I$1168) -> 78.907455 | O94: =CONCATENATE(A94,"-",B94) -> 62-Poliwrath
A95: 63 | B95: Abra | C95: PSYCHIC | D95: =COUNTIF($C$2:$C$1168,Tabela1[[#This Row],[Type]]) -> 83 | E95: =IF(A95<=151,"Kanto",IF(A95<=251,"Johto",IF(A95<=386,"Hoenn",IF(A95<=493,"Sinnoh",IF(A95<=649,"Unova",IF(A95<=721,"Kalos",IF(A95<=809,"Alola",IF(A95<=905,"Galar","Paldea")))))))) -> Kanto | F95: =IF(G95>=600,"Lendário",IF(G95>=500,"Forte","Normal")) -> Normal | G95: 310 | H95: 25 | I95: 20 | J95: 15 | K95: 105 | L95: 55 | M95: 90 | N95: =AVERAGE($I$2:$I$1168) -> 78.907455 | O95: =CONCATENATE(A95,"-",B95) -> 63-Abra
A96: 64 | B96: Kadabra | C96: PSYCHIC | D96: =COUNTIF($C$2:$C$1168,Tabela1[[#This Row],[Type]]) -> 83 | E96: =IF(A96<=151,"Kanto",IF(A96<=251,"Johto",IF(A96<=386,"Hoenn",IF(A96<=493,"Sinnoh",IF(A96<=649,"Unova",IF(A96<=721,"Kalos",IF(A96<=809,"Alola",IF(A96<=905,"Galar","Paldea")))))))) -> Kanto | F96: =IF(G96>=600,"Lendário",IF(G96>=500,"Forte","Normal")) -> Normal | G96: 400 | H96: 40 | I96: 35 | J96: 30 | K96: 120 | L96: 70 | M96: 105 | N96: =AVERAGE($I$2:$I$1168) -> 78.907455 | O96: =CONCATENATE(A96,"-",B96) -> 64-Kadabra
A97: 65 | B97: Alakazam | C97: PSYCHIC | D97: =COUNTIF($C$2:$C$1168,Tabela1[[#This Row],[Type]]) -> 83 | E97: =IF(A97<=151,"Kanto",IF(A97<=251,"Johto",IF(A97<=386,"Hoenn",IF(A97<=493,"Sinnoh",IF(A97<=649,"Unova",IF(A97<=721,"Kalos",IF(A97<=809,"Alola",IF(A97<=905,"Galar","Paldea")))))))) -> Kanto | F97: =IF(G97>=600,"Lendário",IF(G97>=500,"Forte","Normal")) -> Normal | G97: 490 | H97: 55 | I97: 50 | J97: 45 | K97: 135 | L97: 85 | M97: 120 | N97: =AVERAGE($I$2:$I$1168) -> 78.907455 | O97: =CONCATENATE(A97,"-",B97) -> 65-Alakazam
A98: 65.1 | B98: Mega Alakazam | C98: PSYCHIC | D98: =COUNTIF($C$2:$C$1168,Tabela1[[#This Row],[Type]]) -> 83 | E98: =IF(A98<=151,"Kanto",IF(A98<=251,"Johto",IF(A98<=386,"Hoenn",IF(A98<=493,"Sinnoh",IF(A98<=649,"Unova",IF(A98<=721,"Kalos",IF(A98<=809,"Alola",IF(A98<=905,"Galar","Paldea")))))))) -> Kanto | F98: =IF(G98>=600,"Lendário",IF(G98>=500,"Forte","Normal")) -> Forte | G98: 590 | H98: 55 | I98: 50 | J98: 65 | K98: 175 | L98: 95 | M98: 150 | N98: =AVERAGE($I$2:$I$1168) -> 78.907455 | O98: =CONCATENATE(A98,"-",B98) -> 65,1-Mega Alakazam
A99: 66 | B99: Machop | C99: FIGHTING | D99: =COUNTIF($C$2:$C$1168,Tabela1[[#This Row],[Type]]) -> 51 | E99: =IF(A99<=151,"Kanto",IF(A99<=251,"Johto",IF(A99<=386,"Hoenn",IF(A99<=493,"Sinnoh",IF(A99<=649,"Unova",IF(A99<=721,"Kalos",IF(A99<=809,"Alola",IF(A99<=905,"Galar","Paldea")))))))) -> Kanto | F99: =IF(G99>=600,"Lendário",IF(G99>=500,"Forte","Normal")) -> Normal | G99: 305 | H99: 70 | I99: 80 | J99: 50 | K99: 35 | L99: 35 | M99: 35 | N99: =AVERAGE($I$2:$I$1168) -> 78.907455 | O99: =CONCATENATE(A99,"-",B99) -> 66-Machop
A100: 67 | B100: Machoke | C100: FIGHTING | D100: =COUNTIF($C$2:$C$1168,Tabela1[[#This Row],[Type]]) -> 51 | E100: =IF(A100<=151,"Kanto",IF(A100<=251,"Johto",IF(A100<=386,"Hoenn",IF(A100<=493,"Sinnoh",IF(A100<=649,"Unova",IF(A100<=721,"Kalos",IF(A100<=809,"Alola",IF(A100<=905,"Galar","Paldea")))))))) -> Kanto | F100: =IF(G100>=600,"Lendário",IF(G100>=500,"Forte","Normal")) -> Normal | G100: 405 | H100: 80 | I100: 100 | J100: 70 | K100: 50 | L100: 60 | M100: 45 | N100: =AVERAGE($I$2:$I$1168) -> 78.907455 | O100: =CONCATENATE(A100,"-",B100) -> 67-Machoke
...

Sheet Consulta Pokemon
A1: 🔎 POKÉDEX INTERATIVA
A3: Pokemom: | B3: Bulbasaur
A4: Região: | B4: =_xlfn.XLOOKUP(B3,Pokemon!B:B,Pokemon!E:E) -> Kanto
A5: Tipo: | B5: =_xlfn.XLOOKUP(B3,Pokemon!B:B,Pokemon!C:C) -> GRASS
A6: HP: | B6: =_xlfn.XLOOKUP(B3,Pokemon!B:B,Pokemon!H:H) -> 45
A7: Attack: | B7: =_xlfn.XLOOKUP(B3,Pokemon!B:B,Pokemon!I:I) -> 49
A8: Defense: | B8: =_xlfn.XLOOKUP(B3,Pokemon!B:B,Pokemon!J:J) -> 49
A9: Speed: | B9: 45
A10: Classificação: | B10: =_xlfn.XLOOKUP(B3,Pokemon!B:B,Pokemon!F:F) -> Normal

Sheet Moves
A1: Name | B1: Type | C1: Qtd(type) | D1: Cat. | E1: Power | F1: Acc. | G1: PP | H1: TM | I1: Effect | J1: Prob. (%) | K1: Classificação do Golpe
A2: Absorb | B2: GRASS | C2: =COUNTIF($B$2:$B$608,Tabela3[[#This Row],[Type]]) -> 37 | D2: Special | E2: 20 | F2: 100 | G2: 25 | I2: User recovers half the HP inflicted on opponent. | K2: =IF(E2>=100,"Muito Forte", IF(E2>=70,"Forte", "Comum")) -> Comum
A3: Acid | B3: POISON | C3: =COUNTIF($B$2:$B$608,Tabela3[[#This Row],[Type]]) -> 23 | D3: Special | E3: 40 | F3: 100 | G3: 30 | I3: May lower opponent's Special Defense. | J3: 10 | K3: =IF(E3>=100,"Muito Forte", IF(E3>=70,"Forte", "Comum")) -> Comum
A4: Acid Armor | B4: POISON | C4: =COUNTIF($B$2:$B$608,Tabela3[[#This Row],[Type]]) -> 23 | D4: Status | G4: 40 | I4: Sharply raises user's Defense. | K4: =IF(E4>=100,"Muito Forte", IF(E4>=70,"Forte", "Comum")) -> Comum
A5: Acid Spray | B5: POISON | C5: =COUNTIF($B$2:$B$608,Tabela3[[#This Row],[Type]]) -> 23 | D5: Special | E5: 40 | F5: 100 | G5: 20 | I5: Sharply lowers opponent's Special Defense. | J5: 100 | K5: =IF(E5>=100,"Muito Forte", IF(E5>=70,"Forte", "Comum")) -> Comum
A6: Acrobatics | B6: FLYING | C6: =COUNTIF($B$2:$B$608,Tabela3[[#This Row],[Type]]) -> 23 | D6: Physical | E6: 55 | F6: 100 | G6: 15 | H6: TM62 | I6: Stronger when the user does not have a held item. | K6: =IF(E6>=100,"Muito Forte", IF(E6>=70,"Forte", "Comum")) -> Comum
A7: Acupressure | B7: NORMAL | C7: =COUNTIF($B$2:$B$608,Tabela3[[#This Row],[Type]]) -> 167 | D7: Status | G7: 30 | I7: Sharply raises a random stat. | K7: =IF(E7>=100,"Muito Forte", IF(E7>=70,"Forte", "Comum")) -> Comum
A8: Aerial Ace | B8: FLYING | C8: =COUNTIF($B$2:$B$608,Tabela3[[#This Row],[Type]]) -> 23 | D8: Physical | E8: 60 | F8: ∞ | G8: 20 | H8: TM40 | I8: Ignores Accuracy and Evasiveness. | K8: =IF(E8>=100,"Muito Forte", IF(E8>=70,"Forte", "Comum")) -> Comum
A9: Aeroblast | B9: FLYING | C9: =COUNTIF($B$2:$B$608,Tabela3[[#This Row],[Type]]) -> 23 | D9: Special | E9: 100 | F9: 95 | G9: 5 | I9: High critical hit ratio. | K9: =IF(E9>=100,"Muito Forte", IF(E9>=70,"Forte", "Comum")) -> Muito Forte
A10: After You | B10: NORMAL | C10: =COUNTIF($B$2:$B$608,Tabela3[[#This Row],[Type]]) -> 167 | D10: Status | G10: 15 | I10: Gives target priority in the next turn. | K10: =IF(E10>=100,"Muito Forte", IF(E10>=70,"Forte", "Comum")) -> Comum
A11: Agility | B11: PSYCHIC | C11: =COUNTIF($B$2:$B$608,Tabela3[[#This Row],[Type]]) -> 53 | D11: Status | G11: 30 | I11: Sharply raises user's Speed. | K11: =IF(E11>=100,"Muito Forte", IF(E11>=70,"Forte", "Comum")) -> Comum
A12: Air Cutter | B12: FLYING | C12: =COUNTIF($B$2:$B$608,Tabela3[[#This Row],[Type]]) -> 23 | D12: Special | E12: 55 | F12: 95 | G12: 25 | I12: High critical hit ratio. | K12: =IF(E12>=100,"Muito Forte", IF(E12>=70,"Forte", "Comum")) -> Comum
A13: Air Slash | B13: FLYING | C13: =COUNTIF($B$2:$B$608,Tabela3[[#This Row],[Type]]) -> 23 | D13: Special | E13: 75 | F13: 95 | G13: 20 | I13: May cause flinching. | J13: 30 | K13: =IF(E13>=100,"Muito Forte", IF(E13>=70,"Forte", "Comum")) -> Forte
A14: Ally Switch | B14: PSYCHIC | C14: =COUNTIF($B$2:$B$608,Tabela3[[#This Row],[Type]]) -> 53 | D14: Status | G14: 15 | H14: TM51 | I14: User switches with opposite teammate. | K14: =IF(E14>=100,"Muito Forte", IF(E14>=70,"Forte", "Comum")) -> Comum
A15: Amnesia | B15: PSYCHIC | C15: =COUNTIF($B$2:$B$608,Tabela3[[#This Row],[Type]]) -> 53 | D15: Status | G15: 20 | I15: Sharply raises user's Special Defense. | K15: =IF(E15>=100,"Muito Forte", IF(E15>=70,"Forte", "Comum")) -> Comum
A16: AncientPower | B16: ROCK | C16: =COUNTIF($B$2:$B$608,Tabela3[[#This Row],[Type]]) -> 15 | D16: Special | E16: 60 | F16: 100 | G16: 5 | I16: May raise all user's stats at once. | J16: 10 | K16: =IF(E16>=100,"Muito Forte", IF(E16>=70,"Forte", "Comum")) -> Comum
A17: Aqua Jet | B17: WATER | C17: =COUNTIF($B$2:$B$608,Tabela3[[#This Row],[Type]]) -> 27 | D17: Physical | E17: 40 | F17: 100 | G17: 20 | I17: User attacks first. | K17: =IF(E17>=100,"Muito Forte", IF(E17>=70,"Forte", "Comum")) -> Comum
A18: Aqua Ring | B18: WATER | C18: =COUNTIF($B$2:$B$608,Tabela3[[#This Row],[Type]]) -> 27 | D18: Status | G18: 20 | I18: Restores a little HP each turn. | K18: =IF(E18>=100,"Muito Forte", IF(E18>=70,"Forte", "Comum")) -> Comum
A19: Aqua Tail | B19: WATER | C19: =COUNTIF($B$2:$B$608,Tabela3[[#This Row],[Type]]) -> 27 | D19: Physical | E19: 90 | F19: 90 | G19: 10 | K19: =IF(E19>=100,"Muito Forte", IF(E19>=70,"Forte", "Comum")) -> Forte
A20: Arm Thrust | B20: FIGHTING | C20: =COUNTIF($B$2:$B$608,Tabela3[[#This Row],[Type]]) -> 42 | D20: Physical | E20: 15 | F20: 100 | G20: 20 | I20: Hits 25 times in one turn. | K20: =IF(E20>=100,"Muito Forte", IF(E20>=70,"Forte", "Comum")) -> Comum
A21: Aromatherapy | B21: GRASS | C21: =COUNTIF($B$2:$B$608,Tabela3[[#This Row],[Type]]) -> 37 | D21: Status | G21: 5 | I21: Cures all status problems in your party. | K21: =IF(E21>=100,"Muito Forte", IF(E21>=70,"Forte", "Comum")) -> Comum
A22: Aromatic Mist | B22: FAIRY | C22: =COUNTIF($B$2:$B$608,Tabela3[[#This Row],[Type]]) -> 16 | D22: Status | F22: 100 | G22: 20 | I22: Raises Special Attack of teammates. | K22: =IF(E22>=100,"Muito Forte", IF(E22>=70,"Forte", "Comum")) -> Comum
A23: Assist | B23: NORMAL | C23: =COUNTIF($B$2:$B$608,Tabela3[[#This Row],[Type]]) -> 167 | D23: Status | G23: 20 | I23: In a Double Battle, user randomly attacks with a partner's move. | K23: =IF(E23>=100,"Muito Forte", IF(E23>=70,"Forte", "Comum")) -> Comum
A24: Assurance | B24: DARK | C24: =COUNTIF($B$2:$B$608,Tabela3[[#This Row],[Type]]) -> 31 | D24: Physical | E24: 50 | F24: 100 | G24: 10 | I24: Power doubles if opponent already took damage in the same turn. | K24: =IF(E24>=100,"Muito Forte", IF(E24>=70,"Forte", "Comum")) -> Comum
A25: Astonish | B25: GHOST | C25: =COUNTIF($B$2:$B$608,Tabela3[[#This Row],[Type]]) -> 18 | D25: Physical | E25: 30 | F25: 100 | G25: 15 | I25: May cause flinching. | J25: 30 | K25: =IF(E25>=100,"Muito Forte", IF(E25>=70,"Forte", "Comum")) -> Comum
A26: Attack Order | B26: BUG | C26: =COUNTIF($B$2:$B$608,Tabela3[[#This Row],[Type]]) -> 25 | D26: Physical | E26: 90 | F26: 100 | G26: 15 | I26: High critical hit ratio. | K26: =IF(E26>=100,"Muito Forte", IF(E26>=70,"Forte", "Comum")) -> Forte
A27: Attract | B27: NORMAL | C27: =COUNTIF($B$2:$B$608,Tabela3[[#This Row],[Type]]) -> 167 | D27: Status | F27: 100 | G27: 15 | H27: TM45 | I27: If opponent is the opposite gender, it's less likely to attack. | K27: =IF(E27>=100,"Muito Forte", IF(E27>=70,"Forte", "Comum")) -> Comum
A28: Aura Sphere | B28: FIGHTING | C28: =COUNTIF($B$2:$B$608,Tabela3[[#This Row],[Type]]) -> 42 | D28: Special | E28: 90 | F28: ∞ | G28: 20 | I28: Ignores Accuracy and Evasiveness. | K28: =IF(E28>=100,"Muito Forte", IF(E28>=70,"Forte", "Comum")) -> Forte
A29: Aurora Beam | B29: ICE | C29: =COUNTIF($B$2:$B$608,Tabela3[[#This Row],[Type]]) -> 21 | D29: Special | E29: 65 | F29: 100 | G29: 20 | I29: May lower opponent's Attack. | J29: 10 | K29: =IF(E29>=100,"Muito Forte", IF(E29>=70,"Forte", "Comum")) -> Comum
A30: Autotomize | B30: STEEL | C30: =COUNTIF($B$2:$B$608,Tabela3[[#This Row],[Type]]) -> 19 | D30: Status | G30: 15 | I30: Halves weight and sharply raises Speed. | K30: =IF(E30>=100,"Muito Forte", IF(E30>=70,"Forte", "Comum")) -> Comum
A31: Avalanche | B31: ICE | C31: =COUNTIF($B$2:$B$608,Tabela3[[#This Row],[Type]]) -> 21 | D31: Physical | E31: 60 | F31: 100 | G31: 10 | I31: Power doubles if user took damage first. | K31: =IF(E31>=100,"Muito Forte", IF(E31>=70,"Forte", "Comum")) -> Comum
A32: BabyDoll Eyes | B32: FAIRY | C32: =COUNTIF($B$2:$B$608,Tabela3[[#This Row],[Type]]) -> 16 | D32: Status | F32: 100 | G32: 30 | I32: Always goes first. Lowers the target's attack. | K32: =IF(E32>=100,"Muito Forte", IF(E32>=70,"Forte", "Comum")) -> Comum
A33: Barrage | B33: NORMAL | C33: =COUNTIF($B$2:$B$608,Tabela3[[#This Row],[Type]]) -> 167 | D33: Physical | E33: 15 | F33: 85 | G33: 20 | I33: Hits 25 times in one turn. | K33: =IF(E33>=100,"Muito Forte", IF(E33>=70,"Forte", "Comum")) -> Comum
A34: Barrier | B34: PSYCHIC | C34: =COUNTIF($B$2:$B$608,Tabela3[[#This Row],[Type]]) -> 53 | D34: Status | G34: 30 | I34: Sharply raises user's Defense. | K34: =IF(E34>=100,"Muito Forte", IF(E34>=70,"Forte", "Comum")) -> Comum
A35: Baton Pass | B35: NORMAL | C35: =COUNTIF($B$2:$B$608,Tabela3[[#This Row],[Type]]) -> 167 | D35: Status | G35: 40 | I35: User switches out and gives stat changes to the incoming Pokémon. | K35: =IF(E35>=100,"Muito Forte", IF(E35>=70,"Forte", "Comum")) -> Comum
A36: Beat Up | B36: DARK | C36: =COUNTIF($B$2:$B$608,Tabela3[[#This Row],[Type]]) -> 31 | D36: Physical | F36: 100 | G36: 30 | I36: Each Pokémon in your party attacks. | K36: =IF(E36>=100,"Muito Forte", IF(E36>=70,"Forte", "Comum")) -> Comum
A37: Belch | B37: POISON | C37: =COUNTIF($B$2:$B$608,Tabela3[[#This Row],[Type]]) -> 23 | D37: Special | E37: 120 | F37: 90 | G37: 10 | I37: Requires a held Berry to attack. | K37: =IF(E37>=100,"Muito Forte", IF(E37>=70,"Forte", "Comum")) -> Muito Forte
A38: Belly Drum | B38: NORMAL | C38: =COUNTIF($B$2:$B$608,Tabela3[[#This Row],[Type]]) -> 167 | D38: Status | G38: 10 | I38: User loses 50% of its max HP, but Attack raises to maximum. | K38: =IF(E38>=100,"Muito Forte", IF(E38>=70,"Forte", "Comum")) -> Comum
A39: Bestow | B39: NORMAL | C39: =COUNTIF($B$2:$B$608,Tabela3[[#This Row],[Type]]) -> 167 | D39: Status | G39: 15 | I39: Gives the user's held item to the target. | K39: =IF(E39>=100,"Muito Forte", IF(E39>=70,"Forte", "Comum")) -> Comum
A40: Bide | B40: NORMAL | C40: =COUNTIF($B$2:$B$608,Tabela3[[#This Row],[Type]]) -> 167 | D40: Physical | G40: 10 | I40: User takes damage for two turns then strikes back double. | K40: =IF(E40>=100,"Muito Forte", IF(E40>=70,"Forte", "Comum")) -> Comum
A41: Bind | B41: NORMAL | C41: =COUNTIF($B$2:$B$608,Tabela3[[#This Row],[Type]]) -> 167 | D41: Physical | E41: 15 | F41: 85 | G41: 20 | I41: Traps opponent, damaging them for 45 turns. | K41: =IF(E41>=100,"Muito Forte", IF(E41>=70,"Forte", "Comum")) -> Comum
A42: Bite | B42: DARK | C42: =COUNTIF($B$2:$B$608,Tabela3[[#This Row],[Type]]) -> 31 | D42: Physical | E42: 60 | F42: 100 | G42: 25 | I42: May cause flinching. | J42: 30 | K42: =IF(E42>=100,"Muito Forte", IF(E42>=70,"Forte", "Comum")) -> Comum
A43: Blast Burn | B43: FIRE | C43: =COUNTIF($B$2:$B$608,Tabela3[[#This Row],[Type]]) -> 30 | D43: Special | E43: 150 | F43: 90 | G43: 5 | I43: User must recharge next turn. | K43: =IF(E43>=100,"Muito Forte", IF(E43>=70,"Forte", "Comum")) -> Muito Forte
A44: Blaze Kick | B44: FIRE | C44: =COUNTIF($B$2:$B$608,Tabela3[[#This Row],[Type]]) -> 30 | D44: Physical | E44: 85 | F44: 90 | G44: 10 | I44: High critical hit ratio. May burn opponent. | J44: 10 | K44: =IF(E44>=100,"Muito Forte", IF(E44>=70,"Forte", "Comum")) -> Forte
A45: Blizzard | B45: ICE | C45: =COUNTIF($B$2:$B$608,Tabela3[[#This Row],[Type]]) -> 21 | D45: Special | E45: 120 | F45: 70 | G45: 5 | H45: TM14 | I45: May freeze opponent. | J45: 10 | K45: =IF(E45>=100,"Muito Forte", IF(E45>=70,"Forte", "Comum")) -> Muito Forte
A46: Block | B46: NORMAL | C46: =COUNTIF($B$2:$B$608,Tabela3[[#This Row],[Type]]) -> 167 | D46: Status | G46: 5 | I46: Opponent cannot flee or switch. | K46: =IF(E46>=100,"Muito Forte", IF(E46>=70,"Forte", "Comum")) -> Comum
A47: Blue Flare | B47: FIRE | C47: =COUNTIF($B$2:$B$608,Tabela3[[#This Row],[Type]]) -> 30 | D47: Special | E47: 130 | F47: 85 | G47: 5 | I47: May burn opponent. | J47: 20 | K47: =IF(E47>=100,"Muito Forte", IF(E47>=70,"Forte", "Comum")) -> Muito Forte
A48: Body Slam | B48: NORMAL | C48: =COUNTIF($B$2:$B$608,Tabela3[[#This Row],[Type]]) -> 167 | D48: Physical | E48: 85 | F48: 100 | G48: 15 | I48: May paralyze opponent. | J48: 30 | K48: =IF(E48>=100,"Muito Forte", IF(E48>=70,"Forte", "Comum")) -> Forte
A49: Bolt Strike | B49: ELECTRIC | C49: =COUNTIF($B$2:$B$608,Tabela3[[#This Row],[Type]]) -> 28 | D49: Physical | E49: 130 | F49: 85 | G49: 5 | I49: May paralyze opponent. | J49: 20 | K49: =IF(E49>=100,"Muito Forte", IF(E49>=70,"Forte", "Comum")) -> Muito Forte
A50: Bone Club | B50: GROUND | C50: =COUNTIF($B$2:$B$608,Tabela3[[#This Row],[Type]]) -> 19 | D50: Physical | E50: 65 | F50: 85 | G50: 20 | I50: May cause flinching. | J50: 10 | K50: =IF(E50>=100,"Muito Forte", IF(E50>=70,"Forte", "Comum")) -> Comum
A51: Bone Rush | B51: GROUND | C51: =COUNTIF($B$2:$B$608,Tabela3[[#This Row],[Type]]) -> 19 | D51: Physical | E51: 25 | F51: 90 | G51: 10 | I51: Hits 25 times in one turn. | K51: =IF(E51>=100,"Muito Forte", IF(E51>=70,"Forte", "Comum")) -> Comum
A52: Bonemerang | B52: GROUND | C52: =COUNTIF($B$2:$B$608,Tabela3[[#This Row],[Type]]) -> 19 | D52: Physical | E52: 50 | F52: 90 | G52: 10 | I52: Hits twice in one turn. | K52: =IF(E52>=100,"Muito Forte", IF(E52>=70,"Forte", "Comum")) -> Comum
A53: Boomburst | B53: NORMAL | C53: =COUNTIF($B$2:$B$608,Tabela3[[#This Row],[Type]]) -> 167 | D53: Special | E53: 140 | F53: 100 | G53: 10 | I53: Hits all Pokémon on the field. | K53: =IF(E53>=100,"Muito Forte", IF(E53>=70,"Forte", "Comum")) -> Muito Forte
A54: Bounce | B54: FLYING | C54: =COUNTIF($B$2:$B$608,Tabela3[[#This Row],[Type]]) -> 23 | D54: Physical | E54: 85 | F54: 85 | G54: 5 | I54: Springs up on first turn, attacks on second. May paralyze opponent. | J54: 30 | K54: =IF(E54>=100,"Muito Forte", IF(E54>=70,"Forte", "Comum")) -> Forte
A55: Brave Bird | B55: FLYING | C55: =COUNTIF($B$2:$B$608,Tabela3[[#This Row],[Type]]) -> 23 | D55: Physical | E55: 120 | F55: 100 | G55: 15 | I55: User receives recoil damage. | K55: =IF(E55>=100,"Muito Forte", IF(E55>=70,"Forte", "Comum")) -> Muito Forte
A56: Brick Break | B56: FIGHTING | C56: =COUNTIF($B$2:$B$608,Tabela3[[#This Row],[Type]]) -> 42 | D56: Physical | E56: 75 | F56: 100 | G56: 15 | H56: TM31 | I56: Breaks through Reflect and Light Screen barriers. | K56: =IF(E56>=100,"Muito Forte", IF(E56>=70,"Forte", "Comum")) -> Forte
A57: Brine | B57: WATER | C57: =COUNTIF($B$2:$B$608,Tabela3[[#This Row],[Type]]) -> 27 | D57: Special | E57: 65 | F57: 100 | G57: 10 | I57: Power doubles if opponent's HP is less than 50%. | K57: =IF(E57>=100,"Muito Forte", IF(E57>=70,"Forte", "Comum")) -> Comum
A58: Bubble | B58: WATER | C58: =COUNTIF($B$2:$B$608,Tabela3[[#This Row],[Type]]) -> 27 | D58: Special | E58: 20 | F58: 100 | G58: 30 | I58: May lower opponent's Speed. | J58: 10 | K58: =IF(E58>=100,"Muito Forte", IF(E58>=70,"Forte", "Comum")) -> Comum
A59: BubbleBeam | B59: WATER | C59: =COUNTIF($B$2:$B$608,Tabela3[[#This Row],[Type]]) -> 27 | D59: Special | E59: 65 | F59: 100 | G59: 20 | I59: May lower opponent's Speed. | J59: 10 | K59: =IF(E59>=100,"Muito Forte", IF(E59>=70,"Forte", "Comum")) -> Comum
A60: Bug Bite | B60: BUG | C60: =COUNTIF($B$2:$B$608,Tabela3[[#This Row],[Type]]) -> 25 | D60: Physical | E60: 60 | F60: 100 | G60: 20 | I60: Receives the effect from the opponent's held berry. | K60: =IF(E60>=100,"Muito Forte", IF(E60>=70,"Forte", "Comum")) -> Comum
A61: Bug Buzz | B61: BUG | C61: =COUNTIF($B$2:$B$608,Tabela3[[#This Row],[Type]]) -> 25 | D61: Special | E61: 90 | F61: 100 | G61: 10 | I61: May lower opponent's Special Defense. | J61: 10 | K61: =IF(E61>=100,"Muito Forte", IF(E61>=70,"Forte", "Comum")) -> Forte
A62: Bulk Up | B62: FIGHTING | C62: =COUNTIF($B$2:$B$608,Tabela3[[#This Row],[Type]]) -> 42 | D62: Status | G62: 20 | H62: TM08 | I62: Raises user's Attack and Defense. | K62: =IF(E62>=100,"Muito Forte", IF(E62>=70,"Forte", "Comum")) -> Comum
A63: Bulldoze | B63: GROUND | C63: =COUNTIF($B$2:$B$608,Tabela3[[#This Row],[Type]]) -> 19 | D63: Physical | E63: 60 | F63: 100 | G63: 20 | H63: TM78 | I63: Lowers opponent's Speed. | J63: 100 | K63: =IF(E63>=100,"Muito Forte", IF(E63>=70,"Forte", "Comum")) -> Comum
A64: Bullet Punch | B64: STEEL | C64: =COUNTIF($B$2:$B$608,Tabela3[[#This Row],[Type]]) -> 19 | D64: Physical | E64: 40 | F64: 100 | G64: 30 | I64: User attacks first. | K64: =IF(E64>=100,"Muito Forte", IF(E64>=70,"Forte", "Comum")) -> Comum
A65: Bullet Seed | B65: GRASS | C65: =COUNTIF($B$2:$B$608,Tabela3[[#This Row],[Type]]) -> 37 | D65: Physical | E65: 25 | F65: 100 | G65: 30 | I65: Hits 25 times in one turn. | K65: =IF(E65>=100,"Muito Forte", IF(E65>=70,"Forte", "Comum")) -> Comum
A66: Calm Mind | B66: PSYCHIC | C66: =COUNTIF($B$2:$B$608,Tabela3[[#This Row],[Type]]) -> 53 | D66: Status | G66: 20 | H66: TM04 | I66: Raises user's Special Attack and Special Defense. | K66: =IF(E66>=100,"Muito Forte", IF(E66>=70,"Forte", "Comum")) -> Comum
A67: Camouflage | B67: NORMAL | C67: =COUNTIF($B$2:$B$608,Tabela3[[#This Row],[Type]]) -> 167 | D67: Status | G67: 20 | I67: Changes user's type according to the location. | K67: =IF(E67>=100,"Muito Forte", IF(E67>=70,"Forte", "Comum")) -> Comum
A68: Captivate | B68: NORMAL | C68: =COUNTIF($B$2:$B$608,Tabela3[[#This Row],[Type]]) -> 167 | D68: Status | F68: 100 | G68: 20 | I68: Sharply lowers opponent's Special Attack if opposite gender. | K68: =IF(E68>=100,"Muito Forte", IF(E68>=70,"Forte", "Comum")) -> Comum
A69: Charge | B69: ELECTRIC | C69: =COUNTIF($B$2:$B$608,Tabela3[[#This Row],[Type]]) -> 28 | D69: Status | G69: 20 | I69: Raises user's Special Defense and next Electric move's power increases. | K69: =IF(E69>=100,"Muito Forte", IF(E69>=70,"Forte", "Comum")) -> Comum
A70: Charge Beam | B70: ELECTRIC | C70: =COUNTIF($B$2:$B$608,Tabela3[[#This Row],[Type]]) -> 28 | D70: Special | E70: 50 | F70: 90 | G70: 10 | H70: TM57 | I70: May raise user's Special Attack. | J70: 70 | K70: =IF(E70>=100,"Muito Forte", IF(E70>=70,"Forte", "Comum")) -> Comum
A71: Charm | B71: FAIRY | C71: =COUNTIF($B$2:$B$608,Tabela3[[#This Row],[Type]]) -> 16 | D71: Status | F71: 100 | G71: 20 | I71: Sharply lowers opponent's Attack. | K71: =IF(E71>=100,"Muito Forte", IF(E71>=70,"Forte", "Comum")) -> Comum
A72: Chatter | B72: FLYING | C72: =COUNTIF($B$2:$B$608,Tabela3[[#This Row],[Type]]) -> 23 | D72: Special | E72: 60 | F72: 100 | G72: 20 | I72: May confuse opponent. | J72: 31 | K72: =IF(E72>=100,"Muito Forte", IF(E72>=70,"Forte", "Comum")) -> Comum
A73: Chip Away | B73: NORMAL | C73: =COUNTIF($B$2:$B$608,Tabela3[[#This Row],[Type]]) -> 167 | D73: Physical | E73: 70 | F73: 100 | G73: 20 | I73: Ignores opponent's stat changes. | K73: =IF(E73>=100,"Muito Forte", IF(E73>=70,"Forte", "Comum")) -> Forte
A74: Circle Throw | B74: FIGHTING | C74: =COUNTIF($B$2:$B$608,Tabela3[[#This Row],[Type]]) -> 42 | D74: Physical | E74: 60 | F74: 90 | G74: 10 | I74: In battles, the opponent switches. In the wild, the Pokémon runs. | K74: =IF(E74>=100,"Muito Forte", IF(E74>=70,"Forte", "Comum")) -> Comum
A75: Clamp | B75: WATER | C75: =COUNTIF($B$2:$B$608,Tabela3[[#This Row],[Type]]) -> 27 | D75: Physical | E75: 35 | F75: 85 | G75: 10 | I75: Traps opponent, damaging them for 45 turns. | K75: =IF(E75>=100,"Muito Forte", IF(E75>=70,"Forte", "Comum")) -> Comum
A76: Clear Smog | B76: POISON | C76: =COUNTIF($B$2:$B$608,Tabela3[[#This Row],[Type]]) -> 23 | D76: Special | E76: 50 | G76: 15 | I76: Removes all of the target's stat changes. | K76: =IF(E76>=100,"Muito Forte", IF(E76>=70,"Forte", "Comum")) -> Comum
A77: Close Combat | B77: FIGHTING | C77: =COUNTIF($B$2:$B$608,Tabela3[[#This Row],[Type]]) -> 42 | D77: Physical | E77: 120 | F77: 100 | G77: 5 | I77: Lowers user's Defense and Special Defense. | K77: =IF(E77>=100,"Muito Forte", IF(E77>=70,"Forte", "Comum")) -> Muito Forte
A78: Coil | B78: POISON | C78: =COUNTIF($B$2:$B$608,Tabela3[[#This Row],[Type]]) -> 23 | D78: Status | G78: 20 | I78: Raises user's Attack, Defense and Accuracy. | K78: =IF(E78>=100,"Muito Forte", IF(E78>=70,"Forte", "Comum")) -> Comum
A79: Comet Punch | B79: NORMAL | C79: =COUNTIF($B$2:$B$608,Tabela3[[#This Row],[Type]]) -> 167 | D79: Physical | E79: 18 | F79: 85 | G79: 15 | I79: Hits 25 times in one turn. | K79: =IF(E79>=100,"Muito Forte", IF(E79>=70,"Forte", "Comum")) -> Comum
A80: Confide | B80: NORMAL | C80: =COUNTIF($B$2:$B$608,Tabela3[[#This Row],[Type]]) -> 167 | D80: Status | G80: 20 | I80: Lowers opponent's Special Attack. | K80: =IF(E80>=100,"Muito Forte", IF(E80>=70,"Forte", "Comum")) -> Comum
A81: Confuse Ray | B81: GHOST | C81: =COUNTIF($B$2:$B$608,Tabela3[[#This Row],[Type]]) -> 18 | D81: Status | F81: 100 | G81: 10 | I81: Confuses opponent. | K81: =IF(E81>=100,"Muito Forte", IF(E81>=70,"Forte", "Comum")) -> Comum
A82: Confusion | B82: PSYCHIC | C82: =COUNTIF($B$2:$B$608,Tabela3[[#This Row],[Type]]) -> 53 | D82: Special | E82: 50 | F82: 100 | G82: 25 | I82: May confuse opponent. | J82: 10 | K82: =IF(E82>=100,"Muito Forte", IF(E82>=70,"Forte", "Comum")) -> Comum
A83: Constrict | B83: NORMAL | C83: =COUNTIF($B$2:$B$608,Tabela3[[#This Row],[Type]]) -> 167 | D83: Physical | E83: 10 | F83: 100 | G83: 35 | I83: May lower opponent's Speed by one stage. | J83: 10 | K83: =IF(E83>=100,"Muito Forte", IF(E83>=70,"Forte", "Comum")) -> Comum
A84: Conversion | B84: NORMAL | C84: =COUNTIF($B$2:$B$608,Tabela3[[#This Row],[Type]]) -> 167 | D84: Status | G84: 30 | I84: Changes user's type to a type of one of its own moves. | K84: =IF(E84>=100,"Muito Forte", IF(E84>=70,"Forte", "Comum")) -> Comum
A85: Conversion 2 | B85: NORMAL | C85: =COUNTIF($B$2:$B$608,Tabela3[[#This Row],[Type]]) -> 167 | D85: Status | G85: 30 | I85: User changes type to become resistant to opponent's last move. | K85: =IF(E85>=100,"Muito Forte", IF(E85>=70,"Forte", "Comum")) -> Comum
A86: Copycat | B86: NORMAL | C86: =COUNTIF($B$2:$B$608,Tabela3[[#This Row],[Type]]) -> 167 | D86: Status | G86: 20 | I86: Copies opponent's last move. | K86: =IF(E86>=100,"Muito Forte", IF(E86>=70,"Forte", "Comum")) -> Comum
A87: Cosmic Power | B87: PSYCHIC | C87: =COUNTIF($B$2:$B$608,Tabela3[[#This Row],[Type]]) -> 53 | D87: Status | G87: 20 | I87: Raises user's Defense and Special Defense. | K87: =IF(E87>=100,"Muito Forte", IF(E87>=70,"Forte", "Comum")) -> Comum
A88: Cotton Guard | B88: GRASS | C88: =COUNTIF($B$2:$B$608,Tabela3[[#This Row],[Type]]) -> 37 | D88: Status | G88: 10 | I88: Drastically raises user's Defense. | K88: =IF(E88>=100,"Muito Forte", IF(E88>=70,"Forte", "Comum")) -> Comum
A89: Cotton Spore | B89: GRASS | C89: =COUNTIF($B$2:$B$608,Tabela3[[#This Row],[Type]]) -> 37 | D89: Status | F89: 100 | G89: 40 | I89: Sharply lowers opponent's Speed. | K89: =IF(E89>=100,"Muito Forte", IF(E89>=70,"Forte", "Comum")) -> Comum
A90: Counter | B90: FIGHTING | C90: =COUNTIF($B$2:$B$608,Tabela3[[#This Row],[Type]]) -> 42 | D90: Physical | F90: 100 | G90: 20 | I90: When hit by a Physical Attack, user strikes back with 2x power. | K90: =IF(E90>=100,"Muito Forte", IF(E90>=70,"Forte", "Comum")) -> Comum
A91: Covet | B91: NORMAL | C91: =COUNTIF($B$2:$B$608,Tabela3[[#This Row],[Type]]) -> 167 | D91: Physical | E91: 60 | F91: 100 | G91: 40 | I91: Opponent's item is stolen by the user. | K91: =IF(E91>=100,"Muito Forte", IF(E91>=70,"Forte", "Comum")) -> Comum
A92: Crabhammer | B92: WATER | C92: =COUNTIF($B$2:$B$608,Tabela3[[#This Row],[Type]]) -> 27 | D92: Physical | E92: 90 | F92: 90 | G92: 10 | I92: High critical hit ratio. | K92: =IF(E92>=100,"Muito Forte", IF(E92>=70,"Forte", "Comum")) -> Forte
A93: Crafty Shield | B93: FAIRY | C93: =COUNTIF($B$2:$B$608,Tabela3[[#This Row],[Type]]) -> 16 | D93: Status | G93: 10 | I93: Protects the Pokémon from status moves. | K93: =IF(E93>=100,"Muito Forte", IF(E93>=70,"Forte", "Comum")) -> Comum
A94: Cross Chop | B94: FIGHTING | C94: =COUNTIF($B$2:$B$608,Tabela3[[#This Row],[Type]]) -> 42 | D94: Physical | E94: 100 | F94: 80 | G94: 5 | I94: High critical hit ratio. | K94: =IF(E94>=100,"Muito Forte", IF(E94>=70,"Forte", "Comum")) -> Muito Forte
A95: Cross Poison | B95: POISON | C95: =COUNTIF($B$2:$B$608,Tabela3[[#This Row],[Type]]) -> 23 | D95: Physical | E95: 70 | F95: 100 | G95: 20 | I95: High critical hit ratio. May poison opponent. | J95: 10 | K95: =IF(E95>=100,"Muito Forte", IF(E95>=70,"Forte", "Comum")) -> Forte
A96: Crunch | B96: DARK | C96: =COUNTIF($B$2:$B$608,Tabela3[[#This Row],[Type]]) -> 31 | D96: Physical | E96: 80 | F96: 100 | G96: 15 | I96: May lower opponent's Defense. | J96: 20 | K96: =IF(E96>=100,"Muito Forte", IF(E96>=70,"Forte", "Comum")) -> Forte
A97: Crush Claw | B97: NORMAL | C97: =COUNTIF($B$2:$B$608,Tabela3[[#This Row],[Type]]) -> 167 | D97: Physical | E97: 75 | F97: 95 | G97: 10 | I97: May lower opponent's Defense. | J97: 50 | K97: =IF(E97>=100,"Muito Forte", IF(E97>=70,"Forte", "Comum")) -> Forte
A98: Crush Grip | B98: NORMAL | C98: =COUNTIF($B$2:$B$608,Tabela3[[#This Row],[Type]]) -> 167 | D98: Physical | F98: 100 | G98: 5 | I98: More powerful when opponent has higher HP. | K98: =IF(E98>=100,"Muito Forte", IF(E98>=70,"Forte", "Comum")) -> Comum
A99: Curse | B99: GHOST | C99: =COUNTIF($B$2:$B$608,Tabela3[[#This Row],[Type]]) -> 18 | D99: Status | G99: 10 | I99: Ghosts lose 50% of max HP and curse the opponent; NonGhosts raise Attack, Defense and lower Speed. | K99: =IF(E99>=100,"Muito Forte", IF(E99>=70,"Forte", "Comum")) -> Comum
A100: Cut | B100: NORMAL | C100: =COUNTIF($B$2:$B$608,Tabela3[[#This Row],[Type]]) -> 167 | D100: Physical | E100: 50 | F100: 95 | G100: 30 | H100: HM01 | K100: =IF(E100>=100,"Muito Forte", IF(E100>=70,"Forte", "Comum")) -> Comum
...

Sheet Evolution
A1: Evolving from | B1: Evolving to | C1: Level | D1: Condition | E1: Evolution Type | F1: Texto das Evoluções
A2: Bulbasaur | B2: Ivysaur | C2: 16 | E2: Level | F2: ="O Pokémon " & A2 & " evolui para " & B2 -> O Pokémon Bulbasaur evolui para Ivysaur
A3: Ivysaur | B3: Venusaur | C3: 32 | E3: Level | F3: ="O Pokémon " & A3 & " evolui para " & B3 -> O Pokémon Ivysaur evolui para Venusaur
A4: Charmander | B4: Charmeleon | C4: 16 | E4: Level | F4: ="O Pokémon " & A4 & " evolui para " & B4 -> O Pokémon Charmander evolui para Charmeleon
A5: Charmeleon | B5: Charizard | C5: 36 | E5: Level | F5: ="O Pokémon " & A5 & " evolui para " & B5 -> O Pokémon Charmeleon evolui para Charizard
A6: Squirtle | B6: Wartortle | C6: 16 | E6: Level | F6: ="O Pokémon " & A6 & " evolui para " & B6 -> O Pokémon Squirtle evolui para Wartortle
A7: Wartortle | B7: Blastoise | C7: 36 | E7: Level | F7: ="O Pokémon " & A7 & " evolui para " & B7 -> O Pokémon Wartortle evolui para Blastoise
A8: Caterpie | B8: Metapod | C8: 7 | E8: Level | F8: ="O Pokémon " & A8 & " evolui para " & B8 -> O Pokémon Caterpie evolui para Metapod
A9: Metapod | B9: Butterfree | C9: 10 | E9: Level | F9: ="O Pokémon " & A9 & " evolui para " & B9 -> O Pokémon Metapod evolui para Butterfree
A10: Weedle | B10: Kakuna | C10: 7 | E10: Level | F10: ="O Pokémon " & A10 & " evolui para " & B10 -> O Pokémon Weedle evolui para Kakuna
A11: Kakuna | B11: Beedrill | C11: 10 | E11: Level | F11: ="O Pokémon " & A11 & " evolui para " & B11 -> O Pokémon Kakuna evolui para Beedrill
A12: Pidgey | B12: Pidgeotto | C12: 18 | E12: Level | F12: ="O Pokémon " & A12 & " evolui para " & B12 -> O Pokémon Pidgey evolui para Pidgeotto
A13: Pidgeotto | B13: Pidgeot | C13: 36 | E13: Level | F13: ="O Pokémon " & A13 & " evolui para " & B13 -> O Pokémon Pidgeotto evolui para Pidgeot
... A44: Cubone | B44: Marowak | C44: 28 | E44: Level | F44: ="O Pokémon " & A44 & " evolui para " & B44 -> O Pokémon Cubone evolui para Marowak
A45: Tyrogue | B45: Hitmonlee | C45: 20 | D45: Attack > Defense | E45: Level | F45: ="O Pokémon " & A45 & " evolui para " & B45 -> O Pokémon Tyrogue evolui para Hitmonlee
A46: Tyrogue | B46: Hitmonchan | C46: 20 | D46: Attack < Defense | E46: Level | F46: ="O Pokémon " & A46 & " evolui para " & B46 -> O Pokémon Tyrogue evolui para Hitmonchan
A47: Tyrogue | B47: Hitmontop | C47: 20 | D47: Attack = Defense | E47: Level | F47: ="O Pokémon " & A47 & " evolui para " & B47 -> O Pokémon Tyrogue evolui para Hitmontop
A48: Koffing | B48: Weezing | C48: 35 | E48: Level | F48: ="O Pokémon " & A48 & " evolui para " & B48 -> O Pokémon Koffing evolui para Weezing
A49: Rhyhorn | B49: Rhydon | C49: 42 | E49: Level | F49: ="O Pokémon " & A49 & " evolui para " & B49 -> O Pokémon Rhyhorn evolui para Rhydon
A50: Horsea | B50: Seadra | C50: 32 | E50: Level | F50: ="O Pokémon " & A50 & " evolui para " & B50 -> O Pokémon Horsea evolui para Seadra
A51: Goldeen | B51: Seaking | C51: 33 | E51: Level | F51: ="O Pokémon " & A51 & " evolui para " & B51 -> O Pokémon Goldeen evolui para Seaking
A52: Smoochum | B52: Jynx | C52: 30 | E52: Level | F52: ="O Pokémon " & A52 & " evolui para " & B52 -> O Pokémon Smoochum evolui para Jynx
A53: Elekid | B53: Electabuzz | C53: 30 | E53: Level | F53: ="O Pokémon " & A53 & " evolui para " & B53 -> O Pokémon Elekid evolui para Electabuzz
A54: Magby | B54: Magmar | C54: 30 | E54: Level | F54: ="O Pokémon " & A54 & " evolui para " & B54 -> O Pokémon Magby evolui para Magmar
A55: Magikarp | B55: Gyarados | C55: 20 | E55: Level | F55: ="O Pokémon " & A55 & " evolui para " & B55 -> O Pokémon Magikarp evolui para Gyarados
A56: Omanyte | B56: Omastar | C56: 40 | E56: Level | F56: ="O Pokémon " & A56 & " evolui para " & B56 -> O Pokémon Omanyte evolui para Omastar
A57: Kabuto | B57: Kabutops | C57: 40 | E57: Level | F57: ="O Pokémon " & A57 & " evolui para " & B57 -> O Pokémon Kabuto evolui para Kabutops
A58: Dratini | B58: Dragonair | C58: 30 | E58: Level | F58: ="O Pokémon " & A58 & " evolui para " & B58 -> O Pokémon Dratini evolui para Dragonair
A59: Dragonair | B59: Dragonite | C59: 55 | E59: Level | F59: ="O Pokémon " & A59 & " evolui para " & B59 -> O Pokémon Dragonair evolui para Dragonite
... A96: Zigzagoon | B96: Linoone | C96: 20 | E96: Level | F96: ="O Pokémon " & A96 & " evolui para " & B96 -> O Pokémon Zigzagoon evolui para Linoone
A97: Wurmple | B97: Silcoon | C97: 7 | D97: Random, based on personality | E97: Level | F97: ="O Pokémon " & A97 & " evolui para " & B97 -> O Pokémon Wurmple evolui para Silcoon
A98: Silcoon | B98: Beautifly | C98: 10 | E98: Level | F98: ="O Pokémon " & A98 & " evolui para " & B98 -> O Pokémon Silcoon evolui para Beautifly
A99: Wurmple | B99: Cascoon | C99: 7 | D99: Random, based on personality | E99: Level | F99: ="O Pokémon " & A99 & " evolui para " & B99 -> O Pokémon Wurmple evolui para Cascoon
A100: Cascoon | B100: Dustox | C100: 10 | E100: Level | F100: ="O Pokémon " & A100 & " evolui para " & B100 -> O Pokémon Cascoon evolui para Dustox
A101: Lotad | B101: Lombre | C101: 14 | E101: Level | F101: ="O Pokémon " & A101 & " evolui para " & B101 -> O Pokémon Lotad evolui para Lombre
A102: Seedot | B102: Nuzleaf | C102: 14 | E102: Level | F102: ="O Pokémon " & A102 & " evolui para " & B102 -> O Pokémon Seedot evolui para Nuzleaf
A103: Taillow | B103: Swellow | C103: 22 | E103: Level | F103: ="O Pokémon " & A103 & " evolui para " & B103 -> O Pokémon Taillow evolui para Swellow
A104: Wingull | B104: Pelipper | C104: 25 | E104: Level | F104: ="O Pokémon " & A104 & " evolui para " & B104 -> O Pokémon Wingull evolui para Pelipper
A105: Ralts | B105: Kirlia | C105: 20 | E105: Level | F105: ="O Pokémon " & A105 & " evolui para " & B105 -> O Pokémon Ralts evolui para Kirlia
A106: Kirlia | B106: Gardevoir | C106: 30 | E106: Level | F106: ="O Pokémon " & A106 & " evolui para " & B106 -> O Pokémon Kirlia evolui para Gardevoir
A107: Surskit | B107: Masquerain | C107: 22 | E107: Level | F107: ="O Pokémon " & A107 & " evolui para " & B107 -> O Pokémon Surskit evolui para Masquerain
A108: Shroomish | B108: Breloom | C108: 23 | E108: Level | F108: ="O Pokémon " & A108 & " evolui para " & B108 -> O Pokémon Shroomish evolui para Breloom
A109: Slakoth | B109: Vigoroth | C109: 18 | E109: Level | F109: ="O Pokémon " & A109 & " evolui para " & B109 -> O Pokémon Slakoth evolui para Vigoroth
A110: Vigoroth | B110: Slaking | C110: 36 | E110: Level | F110: ="O Pokémon " & A110 & " evolui para " & B110 -> O Pokémon Vigoroth evolui para Slaking
A111: Nincada | B111: Ninjask | C111: 20 | E111: Level | F111: ="O Pokémon " & A111 & " evolui para " & B111 -> O Pokémon Nincada evolui para Ninjask
A112: Nincada | B112: Shedinja | C112: 20 | D112: with empty spot in party | E112: Level | F112: ="O Pokémon " & A112 & " evolui para " & B112 -> O Pokémon Nincada evolui para Shedinja
A113: Whismur | B113: Loudred | C113: 20 | E113: Level | F113: ="O Pokémon " & A113 & " evolui para " & B113 -> O Pokémon Whismur evolui para Loudred
A114: Loudred | B114: Exploud | C114: 40 | E114: Level | F114: ="O Pokémon " & A114 & " evolui para " & B114 -> O Pokémon Loudred evolui para Exploud
A115: Makuhita | B115: Hariyama | C115: 24 | E115: Level | F115: ="O Pokémon " & A115 & " evolui para " & B115 -> O Pokémon Makuhita evolui para Hariyama
A116: Aron | B116: Lairon | C116: 32 | E116: Level | F116: ="O Pokémon " & A116 & " evolui para " & B116 -> O Pokémon Aron evolui para Lairon
A117: Lairon | B117: Aggron | C117: 42 | E117: Level | F117: ="O Pokémon " & A117 & " evolui para " & B117 -> O Pokémon Lairon evolui para Aggron
A118: Meditite | B118: Medicham | C118: 37 | E118: Level | F118: ="O Pokémon " & A118 & " evolui para " & B118 -> O Pokémon Meditite evolui para Medicham
A119: Electrike | B119: Manectric | C119: 26 | E119: Level | F119: ="O Pokémon " & A119 & " evolui para " & B119 -> O Pokémon Electrike evolui para Manectric
A120: Gulpin | B120: Swalot | C120: 26 | E120: Level | F120: ="O Pokémon " & A120 & " evolui para " & B120 -> O Pokémon Gulpin evolui para Swalot
A121: Carvanha | B121: Sharpedo | C121: 30 | E121: Level | F121: ="O Pokémon " & A121 & " evolui para " & B121 -> O Pokémon Carvanha evolui para Sharpedo
A122: Wailmer | B122: Wailord | C122: 40 | E122: Level | F122: ="O Pokémon " & A122 & " evolui para " & B122 -> O Pokémon Wailmer evolui para Wailord
A123: Numel | B123: Camerupt | C123: 33 | E123: Level | F123: ="O Pokémon " & A123 & " evolui para " & B123 -> O Pokémon Numel evolui para Camerupt
A124: Spoink | B124: Grumpig | C124: 32 | E124: Level | F124: ="O Pokémon " & A124 & " evolui para " & B124 -> O Pokémon Spoink evolui para Grumpig
... A156: Shieldon | B156: Bastiodon | C156: 30 | E156: Level | F156: ="O Pokémon " & A156 & " evolui para " & B156 -> O Pokémon Shieldon evolui para Bastiodon
A157: Burmy | B157: Mothim | C157: 20 | D157: Male | E157: Level | F157: ="O Pokémon " & A157 & " evolui para " & B157 -> O Pokémon Burmy evolui para Mothim
A158: Burmy | B158: Wormadam | C158: 20 | D158: Female, outside | E158: Level | F158: ="O Pokémon " & A158 & " evolui para " & B158 -> O Pokémon Burmy evolui para Wormadam
B159: Plant Cloak | E159: Level | F159: ="O Pokémon " & A159 & " evolui para " & B159 -> O Pokémon evolui para Plant Cloak
A160: Burmy | B160: Wormadam | C160: 20 | D160: Female, in caves | E160: Level | F160: ="O Pokémon " & A160 & " evolui para " & B160 -> O Pokémon Burmy evolui para Wormadam
B161: Sandy Cloak | E161: Level | F161: ="O Pokémon " & A161 & " evolui para " & B161 -> O Pokémon evolui para Sandy Cloak
A162: Burmy | B162: Wormadam | C162: 20 | D162: Female, in buildings | E162: Level | F162: ="O Pokémon " & A162 & " evolui para " & B162 -> O Pokémon Burmy evolui para Wormadam
B163: Trash Cloak | E163: Level | F163: ="O Pokémon " & A163 & " evolui para " & B163 -> O Pokémon evolui para Trash Cloak
A164: Combee | B164: Vespiquen | C164: 21 | D164: Female | E164: Level | F164: ="O Pokémon " & A164 & " evolui para " & B164 -> O Pokémon Combee evolui para Vespiquen
A165: Buizel | B165: Floatzel | C165: 26 | E165: Level | F165: ="O Pokémon " & A165 & " evolui para " & B165 -> O Pokémon Buizel evolui para Floatzel
A166: Cherubi | B166: Cherrim | C166: 25 | E166: Level | F166: ="O Pokémon " & A166 & " evolui para " & B166 -> O Pokémon Cherubi evolui para Cherrim
A167: Shellos | B167: Gastrodon | C167: 30 | E167: Level | F167: ="O Pokémon " & A167 & " evolui para " & B167 -> O Pokémon Shellos evolui para Gastrodon
A168: Drifloon | B168: Drifblim | C168: 28 | E168: Level | F168: ="O Pokémon " & A168 & " evolui para " & B168 -> O Pokémon Drifloon evolui para Drifblim
A169: Glameow | B169: Purugly | C169: 38 | E169: Level | F169: ="O Pokémon " & A169 & " evolui para " & B169 -> O Pokémon Glameow evolui para Purugly
A170: Stunky | B170: Skuntank | C170: 34 | E170: Level | F170: ="O Pokémon " & A170 & " evolui para " & B170 -> O Pokémon Stunky evolui para Skuntank
A171: Bronzor | B171: Bronzong | C171: 33 | E171: Level | F171: ="O Pokémon " & A171 & " evolui para " & B171 -> O Pokémon Bronzor evolui para Bronzong
A172: Gible | B172: Gabite | C172: 24 | E172: Level | F172: ="O Pokémon " & A172 & " evolui para " & B172 -> O Pokémon Gible evolui para Gabite
A173: Gabite | B173: Garchomp | C173: 48 | E173: Level | F173: ="O Pokémon " & A173 & " evolui para " & B173 -> O Pokémon Gabite evolui para Garchomp
A174: Hippopotas | B174: Hippowdon | C174: 34 | E174: Level | F174: ="O Pokémon " & A174 & " evolui para " & B174 -> O Pokémon Hippopotas evolui para Hippowdon
A175: Skorupi | B175: Drapion | C175: 40 | E175: Level | F175: ="O Pokémon " & A175 & " evolui para " & B175 -> O Pokémon Skorupi evolui para Drapion
A176: Croagunk | B176: Toxicroak | C176: 37 | E176: Level | F176: ="O Pokémon " & A176 & " evolui para " & B176 -> O Pokémon Croagunk evolui para Toxicroak
... A202: Darumaka | B202: Darmanitan | C202: 35 | E202: Level | F202: ="O Pokémon " & A202 & " evolui para " & B202 -> O Pokémon Darumaka evolui para Darmanitan
B203: Standard Mode | E203: Level | F203: ="O Pokémon " & A203 & " evolui para " & B203 -> O Pokémon evolui para Standard Mode
A204: Dwebble | B204: Crustle | C204: 34 | E204: Level | F204: ="O Pokémon " & A204 & " evolui para " & B204 -> O Pokémon Dwebble evolui para Crustle
A205: Scraggy | B205: Scrafty | C205: 39 | E205: Level | F205: ="O Pokémon " & A205 & " evolui para " & B205 -> O Pokémon Scraggy evolui para Scrafty
A206: Yamask | B206: Cofagrigus | C206: 34 | E206: Level | F206: ="O Pokémon " & A206 & " evolui para " & B206 -> O Pokémon Yamask evolui para Cofagrigus
A207: Tirtouga | B207: Carracosta | C207: 37 | E207: Level | F207: ="O Pokémon " & A207 & " evolui para " & B207 -> O Pokémon Tirtouga evolui para Carracosta
A208: Archen | B208: Archeops | C208: 37 | E208: Level | F208: ="O Pokémon " & A208 & " evolui para " & B208 -> O Pokémon Archen evolui para Archeops
A209: Trubbish | B209: Garbodor | C209: 36 | E209: Level | F209: ="O Pokémon " & A209 & " evolui para " & B209 -> O Pokémon Trubbish evolui para Garbodor
A210: Zorua | B210: Zoroark | C210: 30 | E210: Level | F210: ="O Pokémon " & A210 & " evolui para " & B210 -> O Pokémon Zorua evolui para Zoroark
A211: Gothita | B211: Gothorita | C211: 32 | E211: Level | F211: ="O Pokémon " & A211 & " evolui para " & B211 -> O Pokémon Gothita evolui para Gothorita
A212: Gothorita | B212: Gothitelle | C212: 41 | E212: Level | F212: ="O Pokémon " & A212 & " evolui para " & B212 -> O Pokémon Gothorita evolui para Gothitelle
A213: Solosis | B213: Duosion | C213: 32 | E213: Level | F213: ="O Pokémon " & A213 & " evolui para " & B213 -> O Pokémon Solosis evolui para Duosion
A214: Duosion | B214: Reuniclus | C214: 41 | E214: Level | F214: ="O Pokémon " & A214 & " evolui para " & B214 -> O Pokémon Duosion evolui para Reuniclus
A215: Ducklett | B215: Swanna | C215: 35 | E215: Level | F215: ="O Pokémon " & A215 & " evolui para " & B215 -> O Pokémon Ducklett evolui para Swanna
... A252: Skiddo | B252: Gogoat | C252: 32 | E252: Level | F252: ="O Pokémon " & A252 & " evolui para " & B252 -> O Pokémon Skiddo evolui para Gogoat
A253: Pancham | B253: Pangoro | C253: 32 | D253: with a Dark type Pokémon in party | E253: Level | F253: ="O Pokémon " & A253 & " evolui para " & B253 -> O Pokémon Pancham evolui para Pangoro
A254: Espurr | B254: Meowstic | C254: 25 | E254: Level | F254: ="O Pokémon " & A254 & " evolui para " & B254 -> O Pokémon Espurr evolui para Meowstic
B255: Male | E255: Level | F255: ="O Pokémon " & A255 & " evolui para " & B255 -> O Pokémon evolui para Male
A256: Honedge | B256: Doublade | C256: 35 | E256: Level | F256: ="O Pokémon " & A256 & " evolui para " & B256 -> O Pokémon Honedge evolui para Doublade
A257: Inkay | B257: Malamar | C257: 30 | D257: holding 3DS upside down | E257: Level | F257: ="O Pokémon " & A257 & " evolui para " & B257 -> O Pokémon Inkay evolui para Malamar
A258: Binacle | B258: Barbaracle | C258: 39 | E258: Level | F258: ="O Pokémon " & A258 & " evolui para " & B258 -> O Pokémon Binacle evolui para Barbaracle
...

Sheet TypeChart
A1: Attack | B1: Defense | C1: Effectiveness | D1: Multiplier | E1: Formalização dos Elementos
A2: NORMAL | B2: NORMAL | C2: Normal | D2: 1 | E2: ="O elemento " & Tabela2[[#This Row],[Attack]] & " é " & IF(Tabela2[[#This Row],[Multiplier]]=2,"Very Effective", IF(Tabela2[[#This Row],[Multiplier]]=0.5,"Not Very Effective", IF(Tabela2[[#This Row],[Multiplier]]=0,"No Effect", "Normal"))) & " contra o elemento " & Tabela2[[#This Row],[Defense]] -> O elemento NORMAL é Normal contra o elemento NORMAL
A3: NORMAL | B3: FIRE | C3: Normal | D3: 1 | E3: ="O elemento " & Tabela2[[#This Row],[Attack]] & " é " & IF(Tabela2[[#This Row],[Multiplier]]=2,"Very Effective", IF(Tabela2[[#This Row],[Multiplier]]=0.5,"Not Very Effective", IF(Tabela2[[#This Row],[Multiplier]]=0,"No Effect", "Normal"))) & " contra o elemento " & Tabela2[[#This Row],[Defense]] -> O elemento NORMAL é Normal contra o elemento FIRE
A4: NORMAL | B4: WATER | C4: Normal | D4: 1 | E4: ="O elemento " & Tabela2[[#This Row],[Attack]] & " é " & IF(Tabela2[[#This Row],[Multiplier]]=2,"Very Effective", IF(Tabela2[[#This Row],[Multiplier]]=0.5,"Not Very Effective", IF(Tabela2[[#This Row],[Multiplier]]=0,"No Effect", "Normal"))) & " contra o elemento " & Tabela2[[#This Row],[Defense]] -> O elemento NORMAL é Normal contra o elemento WATER
A5: NORMAL | B5: ELECTRIC | C5: Normal | D5: 1 | E5: ="O elemento " & Tabela2[[#This Row],[Attack]] & " é " & IF(Tabela2[[#This Row],[Multiplier]]=2,"Very Effective", IF(Tabela2[[#This Row],[Multiplier]]=0.5,"Not Very Effective", IF(Tabela2[[#This Row],[Multiplier]]=0,"No Effect", "Normal"))) & " contra o elemento " & Tabela2[[#This Row],[Defense]] -> O elemento NORMAL é Normal contra o elemento ELECTRIC
A6: NORMAL | B6: GRASS | C6: Normal | D6: 1 | E6: ="O elemento " & Tabela2[[#This Row],[Attack]] & " é " & IF(Tabela2[[#This Row],[Multiplier]]=2,"Very Effective", IF(Tabela2[[#This Row],[Multiplier]]=0.5,"Not Very Effective", IF(Tabela2[[#This Row],[Multiplier]]=0,"No Effect", "Normal"))) & " contra o elemento " & Tabela2[[#This Row],[Defense]] -> O elemento NORMAL é Normal contra o elemento GRASS
A7: NORMAL | B7: ICE | C7: Normal | D7: 1 | E7: ="O elemento " & Tabela2[[#This Row],[Attack]] & " é " & IF(Tabela2[[#This Row],[Multiplier]]=2,"Very Effective", IF(Tabela2[[#This Row],[Multiplier]]=0.5,"Not Very Effective", IF(Tabela2[[#This Row],[Multiplier]]=0,"No Effect", "Normal"))) & " contra o elemento " & Tabela2[[#This Row],[Defense]] -> O elemento NORMAL é Normal contra o elemento ICE
A8: NORMAL | B8: FIGHTING | C8: Normal | D8: 1 | E8: ="O elemento " & Tabela2[[#This Row],[Attack]] & " é " & IF(Tabela2[[#This Row],[Multiplier]]=2,"Very Effective", IF(Tabela2[[#This Row],[Multiplier]]=0.5,"Not Very Effective", IF(Tabela2[[#This Row],[Multiplier]]=0,"No Effect", "Normal"))) & " contra o elemento " & Tabela2[[#This Row],[Defense]] -> O elemento NORMAL é Normal contra o elemento FIGHTING
A9: NORMAL | B9: POISON | C9: Normal | D9: 1 | E9: ="O elemento " & Tabela2[[#This Row],[Attack]] & " é " & IF(Tabela2[[#This Row],[Multiplier]]=2,"Very Effective", IF(Tabela2[[#This Row],[Multiplier]]=0.5,"Not Very Effective", IF(Tabela2[[#This Row],[Multiplier]]=0,"No Effect", "Normal"))) & " contra o elemento " & Tabela2[[#This Row],[Defense]] -> O elemento NORMAL é Normal contra o elemento POISON
A10: NORMAL | B10: GROUND | C10: Normal | D10: 1 | E10: ="O elemento " & Tabela2[[#This Row],[Attack]] & " é " & IF(Tabela2[[#This Row],[Multiplier]]=2,"Very Effective", IF(Tabela2[[#This Row],[Multiplier]]=0.5,"Not Very Effective", IF(Tabela2[[#This Row],[Multiplier]]=0,"No Effect", "Normal"))) & " contra o elemento " & Tabela2[[#This Row],[Defense]] -> O elemento NORMAL é Normal contra o elemento GROUND
A11: NORMAL | B11: FLYING | C11: Normal | D11: 1 | E11: ="O elemento " & Tabela2[[#This Row],[Attack]] & " é " & IF(Tabela2[[#This Row],[Multiplier]]=2,"Very Effective", IF(Tabela2[[#This Row],[Multiplier]]=0.5,"Not Very Effective", IF(Tabela2[[#This Row],[Multiplier]]=0,"No Effect", "Normal"))) & " contra o elemento " & Tabela2[[#This Row],[Defense]] -> O elemento NORMAL é Normal contra o elemento FLYING
A12: NORMAL | B12: PSYCHIC | C12: Normal | D12: 1 | E12: ="O elemento " & Tabela2[[#This Row],[Attack]] & " é " & IF(Tabela2[[#This Row],[Multiplier]]=2,"Very Effective", IF(Tabela2[[#This Row],[Multiplier]]=0.5,"Not Very Effective", IF(Tabela2[[#This Row],[Multiplier]]=0,"No Effect", "Normal"))) & " contra o elemento " & Tabela2[[#This Row],[Defense]] -> O elemento NORMAL é Normal contra o elemento PSYCHIC
A13: NORMAL | B13: BUG | C13: Normal | D13: 1 | E13: ="O elemento " & Tabela2[[#This Row],[Attack]] & " é " & IF(Tabela2[[#This Row],[Multiplier]]=2,"Very Effective", IF(Tabela2[[#This Row],[Multiplier]]=0.5,"Not Very Effective", IF(Tabela2[[#This Row],[Multiplier]]=0,"No Effect", "Normal"))) & " contra o elemento " & Tabela2[[#This Row],[Defense]] -> O elemento NORMAL é Normal contra o elemento BUG
... A325: FAIRY | B325: FAIRY | C325: Normal | D325: 1 | E325: ="O elemento " & Tabela2[[#This Row],[Attack]] & " é " & IF(Tabela2[[#This Row],[Multiplier]]=2,"Very Effective", IF(Tabela2[[#This Row],[Multiplier]]=0.5,"Not Very Effective", IF(Tabela2[[#This Row],[Multiplier]]=0,"No Effect", "Normal"))) & " contra o elemento " & Tabela2[[#This Row],[Defense]] -> O elemento FAIRY é Normal contra o elemento FAIRY
